https://mtg-jp.com//img_sys/cardImages/DOM/444235/cardimage.png	《不屈の意志/Adamant Will》
https://mtg-jp.com//img_sys/cardImages/DOM/444236/cardimage.png	《エイヴンの歩哨/Aven Sentry》
https://mtg-jp.com//img_sys/cardImages/DOM/444237/cardimage.png	《アルガイヴ国家執事、ベイルド/Baird, Steward of Argive》
https://mtg-jp.com//img_sys/cardImages/DOM/444238/cardimage.png	《ベナリアの儀仗兵/Benalish Honor Guard》
https://mtg-jp.com//img_sys/cardImages/DOM/444239/cardimage.png	《ベナリアの軍司令/Benalish Marshal》
https://mtg-jp.com//img_sys/cardImages/DOM/444240/cardimage.png	《祝福の光/Blessed Light》
https://mtg-jp.com//img_sys/cardImages/DOM/444241/cardimage.png	《ウェザーライトへの乗艦/Board the Weatherlight》
https://mtg-jp.com//img_sys/cardImages/DOM/444242/cardimage.png	《騎兵呼集/Call the Cavalry》
https://mtg-jp.com//img_sys/cardImages/DOM/444243/cardimage.png	《突撃/Charge》
https://mtg-jp.com//img_sys/cardImages/DOM/444244/cardimage.png	《アヴナントの罠師/D'Avenant Trapper》
https://mtg-jp.com//img_sys/cardImages/DOM/444245/cardimage.png	《模範となる者、ダニサ・キャパシェン/Danitha Capashen, Paragon》
https://mtg-jp.com//img_sys/cardImages/DOM/444246/cardimage.png	《勇敢な考古学者/Daring Archaeologist》
https://mtg-jp.com//img_sys/cardImages/DOM/444247/cardimage.png	《不屈の護衛/Dauntless Bodyguard》
https://mtg-jp.com//img_sys/cardImages/DOM/444248/cardimage.png	《叙爵/Dub》
https://mtg-jp.com//img_sys/cardImages/DOM/444249/cardimage.png	《ハルシオンの目撃者、エヴラ/Evra, Halcyon Witness》
https://mtg-jp.com//img_sys/cardImages/DOM/444250/cardimage.png	《発掘象/Excavation Elephant》
https://mtg-jp.com//img_sys/cardImages/DOM/444251/cardimage.png	《スランの崩落/Fall of the Thran》
https://mtg-jp.com//img_sys/cardImages/DOM/444252/cardimage.png	《ギデオンの叱責/Gideon's Reproach》
https://mtg-jp.com//img_sys/cardImages/DOM/444253/cardimage.png	《治癒の恩寵/Healing Grace》
https://mtg-jp.com//img_sys/cardImages/DOM/444254/cardimage.png	《ベナリア史/History of Benalia》
https://mtg-jp.com//img_sys/cardImages/DOM/444255/cardimage.png	《神聖の発動/Invoke the Divine》
https://mtg-jp.com//img_sys/cardImages/DOM/444256/cardimage.png	《善意の騎士/Knight of Grace》
https://mtg-jp.com//img_sys/cardImages/DOM/444257/cardimage.png	《新ベナリアの騎士/Knight of New Benalia》
https://mtg-jp.com//img_sys/cardImages/DOM/444258/cardimage.png	《フェメレフの誇り、クェンデ/Kwende, Pride of Femeref》
https://mtg-jp.com//img_sys/cardImages/DOM/444259/cardimage.png	《黎明をもたらす者ライラ/Lyra Dawnbringer》
https://mtg-jp.com//img_sys/cardImages/DOM/444260/cardimage.png	《メサ・ユニコーン/Mesa Unicorn》
https://mtg-jp.com//img_sys/cardImages/DOM/444261/cardimage.png	《セラからの翼/On Serra's Wings》
https://mtg-jp.com//img_sys/cardImages/DOM/444262/cardimage.png	《ペガサスの駿馬/Pegasus Courser》
https://mtg-jp.com//img_sys/cardImages/DOM/444263/cardimage.png	《聖域の霊/Sanctum Spirit》
https://mtg-jp.com//img_sys/cardImages/DOM/444264/cardimage.png	《封じ込め/Seal Away》
https://mtg-jp.com//img_sys/cardImages/DOM/444265/cardimage.png	《守衛官/Sergeant-at-Arms》
https://mtg-jp.com//img_sys/cardImages/DOM/444266/cardimage.png	《セラの天使/Serra Angel》
https://mtg-jp.com//img_sys/cardImages/DOM/444267/cardimage.png	《セラの信奉者/Serra Disciple》
https://mtg-jp.com//img_sys/cardImages/DOM/444268/cardimage.png	《豊潤の声、シャライ/Shalai, Voice of Plenty》
https://mtg-jp.com//img_sys/cardImages/DOM/444269/cardimage.png	《祖神の使徒、テシャール/Teshar, Ancestor's Apostle》
https://mtg-jp.com//img_sys/cardImages/DOM/444270/cardimage.png	《もの悲しい詩人/Tragic Poet》
https://mtg-jp.com//img_sys/cardImages/DOM/444271/cardimage.png	《ジェラードの勝利/Triumph of Gerrard》
https://mtg-jp.com//img_sys/cardImages/DOM/444272/cardimage.png	《ウルザの殲滅破/Urza's Ruinous Blast》
https://mtg-jp.com//img_sys/cardImages/DOM/444273/cardimage.png	《アカデミーのドレイク/Academy Drake》
https://mtg-jp.com//img_sys/cardImages/DOM/444274/cardimage.png	《アカデミーの修士魔道士/Academy Journeymage》
https://mtg-jp.com//img_sys/cardImages/DOM/444275/cardimage.png	《アンティキティー戦争/The Antiquities War》
https://mtg-jp.com//img_sys/cardImages/DOM/444276/cardimage.png	《秘儀での飛行/Arcane Flight》
https://mtg-jp.com//img_sys/cardImages/DOM/444277/cardimage.png	《工匠の助手/Artificer's Assistant》
https://mtg-jp.com//img_sys/cardImages/DOM/444278/cardimage.png	《混迷/Befuddle》
https://mtg-jp.com//img_sys/cardImages/DOM/444279/cardimage.png	《一瞬/Blink of an Eye》
https://mtg-jp.com//img_sys/cardImages/DOM/444280/cardimage.png	《雲読みスフィンクス/Cloudreader Sphinx》
https://mtg-jp.com//img_sys/cardImages/DOM/444281/cardimage.png	《冷水カミツキガメ/Cold-Water Snapper》
https://mtg-jp.com//img_sys/cardImages/DOM/444282/cardimage.png	《史学者の護法印/Curator's Ward》
https://mtg-jp.com//img_sys/cardImages/DOM/444283/cardimage.png	《氷結/Deep Freeze》
https://mtg-jp.com//img_sys/cardImages/DOM/444284/cardimage.png	《精励する発掘者/Diligent Excavator》
https://mtg-jp.com//img_sys/cardImages/DOM/444285/cardimage.png	《予言/Divination》
https://mtg-jp.com//img_sys/cardImages/DOM/444286/cardimage.png	《ホマリッドの探検者/Homarid Explorer》
https://mtg-jp.com//img_sys/cardImages/DOM/444287/cardimage.png	《ボーラスの手中/In Bolas's Clutches》
https://mtg-jp.com//img_sys/cardImages/DOM/444288/cardimage.png	《カーンの経時隔離/Karn's Temporal Sundering》
https://mtg-jp.com//img_sys/cardImages/DOM/444289/cardimage.png	《マーフォークのペテン師/Merfolk Trickster》
https://mtg-jp.com//img_sys/cardImages/DOM/444290/cardimage.png	《ミラーリ予想/The Mirari Conjecture》
https://mtg-jp.com//img_sys/cardImages/DOM/444291/cardimage.png	《反復の学部長、ナバン/Naban, Dean of Iteration》
https://mtg-jp.com//img_sys/cardImages/DOM/444292/cardimage.png	《練達の魔術師、ナル・メハ/Naru Meha, Master Wizard》
https://mtg-jp.com//img_sys/cardImages/DOM/444293/cardimage.png	《選択/Opt》
https://mtg-jp.com//img_sys/cardImages/DOM/444294/cardimage.png	《前知の場/Precognition Field》
https://mtg-jp.com//img_sys/cardImages/DOM/444295/cardimage.png	《秘宝を追う者/Relic Runner》
https://mtg-jp.com//img_sys/cardImages/DOM/444296/cardimage.png	《救出/Rescue》
https://mtg-jp.com//img_sys/cardImages/DOM/444297/cardimage.png	《ラト＝ナムの賢人/Sage of Lat-Nam》
https://mtg-jp.com//img_sys/cardImages/DOM/444298/cardimage.png	《真珠三叉矛の歩哨/Sentinel of the Pearl Trident》
https://mtg-jp.com//img_sys/cardImages/DOM/444299/cardimage.png	《上昇底流、スリン・ヴォーダ/Slinn Voda, the Rising Deep》
https://mtg-jp.com//img_sys/cardImages/DOM/444300/cardimage.png	《中略/Syncopate》
https://mtg-jp.com//img_sys/cardImages/DOM/444301/cardimage.png	《大嵐のジン/Tempest Djinn》
https://mtg-jp.com//img_sys/cardImages/DOM/444302/cardimage.png	《逃亡者、梅澤哲子/Tetsuko Umezawa, Fugitive》
https://mtg-jp.com//img_sys/cardImages/DOM/444303/cardimage.png	《氷河期/Time of Ice》
https://mtg-jp.com//img_sys/cardImages/DOM/444304/cardimage.png	《トレイリアの学者/Tolarian Scholar》
https://mtg-jp.com//img_sys/cardImages/DOM/444305/cardimage.png	《巻き戻し/Unwind》
https://mtg-jp.com//img_sys/cardImages/DOM/444306/cardimage.png	《ヴォーデイリアの秘儀術師/Vodalian Arcanist》
https://mtg-jp.com//img_sys/cardImages/DOM/444307/cardimage.png	《記憶の意義/Weight of Memory》
https://mtg-jp.com//img_sys/cardImages/DOM/444308/cardimage.png	《魔術師の反駁/Wizard's Retort》
https://mtg-jp.com//img_sys/cardImages/DOM/444309/cardimage.png	《ランプのジン、ザヒード/Zahid, Djinn of the Lamp》
https://mtg-jp.com//img_sys/cardImages/DOM/445899/cardimage.png	《経時的策謀/Temporal Machinations》
https://mtg-jp.com//img_sys/cardImages/DOM/444310/cardimage.png	《ベルゼンロックの祝福/Blessing of Belzenlok》
https://mtg-jp.com//img_sys/cardImages/DOM/444311/cardimage.png	《陰謀団の福音者/Cabal Evangel》
https://mtg-jp.com//img_sys/cardImages/DOM/444312/cardimage.png	《陰謀団の聖騎士/Cabal Paladin》
https://mtg-jp.com//img_sys/cardImages/DOM/444313/cardimage.png	《カリゴの皮魔女/Caligo Skin-Witch》
https://mtg-jp.com//img_sys/cardImages/DOM/444314/cardimage.png	《喪心/Cast Down》
https://mtg-jp.com//img_sys/cardImages/DOM/444315/cardimage.png	《チェイナーの苦悩/Chainer's Torment》
https://mtg-jp.com//img_sys/cardImages/DOM/444316/cardimage.png	《闇の取り引き/Dark Bargain》
https://mtg-jp.com//img_sys/cardImages/DOM/444317/cardimage.png	《死花のサリッド/Deathbloom Thallid》
https://mtg-jp.com//img_sys/cardImages/DOM/444318/cardimage.png	《悪魔的活力/Demonic Vigor》
https://mtg-jp.com//img_sys/cardImages/DOM/444319/cardimage.png	《悪魔王ベルゼンロック/Demonlord Belzenlok》
https://mtg-jp.com//img_sys/cardImages/DOM/444320/cardimage.png	《抜去/Divest》
https://mtg-jp.com//img_sys/cardImages/DOM/444321/cardimage.png	《戦慄の影/Dread Shade》
https://mtg-jp.com//img_sys/cardImages/DOM/444322/cardimage.png	《酷役の歩哨/Drudge Sentinel》
https://mtg-jp.com//img_sys/cardImages/DOM/444323/cardimage.png	《最古再誕/The Eldest Reborn》
https://mtg-jp.com//img_sys/cardImages/DOM/444324/cardimage.png	《臓腑抜き/Eviscerate》
https://mtg-jp.com//img_sys/cardImages/DOM/444325/cardimage.png	《残忍な異形/Feral Abomination》
https://mtg-jp.com//img_sys/cardImages/DOM/444326/cardimage.png	《最後の別れ/Final Parting》
https://mtg-jp.com//img_sys/cardImages/DOM/444327/cardimage.png	《菌類感染/Fungal Infection》
https://mtg-jp.com//img_sys/cardImages/DOM/444328/cardimage.png	《リッチの騎士、ジョス・ヴェス/Josu Vess, Lich Knight》
https://mtg-jp.com//img_sys/cardImages/DOM/444329/cardimage.png	《センギアの純血、カザロフ/Kazarov, Sengir Pureblood》
https://mtg-jp.com//img_sys/cardImages/DOM/444330/cardimage.png	《悪意の騎士/Knight of Malice》
https://mtg-jp.com//img_sys/cardImages/DOM/444331/cardimage.png	《リッチの熟達/Lich's Mastery》
https://mtg-jp.com//img_sys/cardImages/DOM/444332/cardimage.png	《遷延する幻影/Lingering Phantom》
https://mtg-jp.com//img_sys/cardImages/DOM/444333/cardimage.png	《ファイレクシア教典/Phyrexian Scriptures》
https://mtg-jp.com//img_sys/cardImages/DOM/444334/cardimage.png	《ネズミの群棲/Rat Colony》
https://mtg-jp.com//img_sys/cardImages/DOM/444335/cardimage.png	《ベルゼンロック典礼/Rite of Belzenlok》
https://mtg-jp.com//img_sys/cardImages/DOM/444336/cardimage.png	《意趣返し/Settle the Score》
https://mtg-jp.com//img_sys/cardImages/DOM/444337/cardimage.png	《魂回収/Soul Salvage》
https://mtg-jp.com//img_sys/cardImages/DOM/444338/cardimage.png	《要塞の聴罪司祭/Stronghold Confessor》
https://mtg-jp.com//img_sys/cardImages/DOM/444339/cardimage.png	《雑食のサリッド/Thallid Omnivore》
https://mtg-jp.com//img_sys/cardImages/DOM/444340/cardimage.png	《サリッドの予言者/Thallid Soothsayer》
https://mtg-jp.com//img_sys/cardImages/DOM/444341/cardimage.png	《飢饉の具現、トルガール/Torgaar, Famine Incarnate》
https://mtg-jp.com//img_sys/cardImages/DOM/444342/cardimage.png	《虚ろな者、アゴロス/Urgoros, the Empty One》
https://mtg-jp.com//img_sys/cardImages/DOM/444343/cardimage.png	《不純な捧げ物/Vicious Offering》
https://mtg-jp.com//img_sys/cardImages/DOM/444344/cardimage.png	《血の儀式司、ウィスパー/Whisper, Blood Liturgist》
https://mtg-jp.com//img_sys/cardImages/DOM/444345/cardimage.png	《ウィンドグレイスの見習い/Windgrace Acolyte》
https://mtg-jp.com//img_sys/cardImages/DOM/444346/cardimage.png	《アーボーグの暴食、ヤーグル/Yargle, Glutton of Urborg》
https://mtg-jp.com//img_sys/cardImages/DOM/444347/cardimage.png	《ヨーグモスの不義提案/Yawgmoth's Vile Offering》
https://mtg-jp.com//img_sys/cardImages/DOM/444348/cardimage.png	《血石のゴブリン/Bloodstone Goblin》
https://mtg-jp.com//img_sys/cardImages/DOM/444349/cardimage.png	《炎のチャンピオン/Champion of the Flame》
https://mtg-jp.com//img_sys/cardImages/DOM/444350/cardimage.png	《白熱の一撃/Fervent Strike》
https://mtg-jp.com//img_sys/cardImages/DOM/444351/cardimage.png	《焦熱の介入/Fiery Intervention》
https://mtg-jp.com//img_sys/cardImages/DOM/444352/cardimage.png	《火による戦い/Fight with Fire》
https://mtg-jp.com//img_sys/cardImages/DOM/444353/cardimage.png	《炎の精霊/Fire Elemental》
https://mtg-jp.com//img_sys/cardImages/DOM/444354/cardimage.png	《火拳の達人/Firefist Adept》
https://mtg-jp.com//img_sys/cardImages/DOM/444355/cardimage.png	《最初の噴火/The First Eruption》
https://mtg-jp.com//img_sys/cardImages/DOM/444356/cardimage.png	《ケルドの炎/The Flame of Keld》
https://mtg-jp.com//img_sys/cardImages/DOM/444357/cardimage.png	《激情の怒り/Frenzied Rage》
https://mtg-jp.com//img_sys/cardImages/DOM/444358/cardimage.png	《ギトゥの年代記編者/Ghitu Chronicler》
https://mtg-jp.com//img_sys/cardImages/DOM/444359/cardimage.png	《ギトゥの修士魔道士/Ghitu Journeymage》
https://mtg-jp.com//img_sys/cardImages/DOM/444360/cardimage.png	《ギトゥの溶岩走り/Ghitu Lavarunner》
https://mtg-jp.com//img_sys/cardImages/DOM/444361/cardimage.png	《ゴブリンの連射/Goblin Barrage》
https://mtg-jp.com//img_sys/cardImages/DOM/444362/cardimage.png	《ゴブリンの鎖回し/Goblin Chainwhirler》
https://mtg-jp.com//img_sys/cardImages/DOM/444363/cardimage.png	《ゴブリンの戦長/Goblin Warchief》
https://mtg-jp.com//img_sys/cardImages/DOM/444364/cardimage.png	《でたらめな砲撃/Haphazard Bombardment》
https://mtg-jp.com//img_sys/cardImages/DOM/444365/cardimage.png	《ヤヤ・バラード/Jaya Ballard》
https://mtg-jp.com//img_sys/cardImages/DOM/444366/cardimage.png	《ヤヤの焼身猛火/Jaya's Immolating Inferno》
https://mtg-jp.com//img_sys/cardImages/DOM/444367/cardimage.png	《ケルドの軍監/Keldon Overseer》
https://mtg-jp.com//img_sys/cardImages/DOM/444368/cardimage.png	《ケルドの略奪者/Keldon Raider》
https://mtg-jp.com//img_sys/cardImages/DOM/444369/cardimage.png	《ケルドの戦呼び/Keldon Warcaller》
https://mtg-jp.com//img_sys/cardImages/DOM/444370/cardimage.png	《蛮行オーク/Orcish Vandal》
https://mtg-jp.com//img_sys/cardImages/DOM/444371/cardimage.png	《放射稲妻/Radiating Lightning》
https://mtg-jp.com//img_sys/cardImages/DOM/444372/cardimage.png	《暴れ回るサイクロプス/Rampaging Cyclops》
https://mtg-jp.com//img_sys/cardImages/DOM/444373/cardimage.png	《猛り狂い/Run Amok》
https://mtg-jp.com//img_sys/cardImages/DOM/444374/cardimage.png	《地震断層/Seismic Shift》
https://mtg-jp.com//img_sys/cardImages/DOM/444375/cardimage.png	《シヴの火/Shivan Fire》
https://mtg-jp.com//img_sys/cardImages/DOM/444376/cardimage.png	《包囲攻撃の司令官/Siege-Gang Commander》
https://mtg-jp.com//img_sys/cardImages/DOM/444377/cardimage.png	《スカークの探鉱者/Skirk Prospector》
https://mtg-jp.com//img_sys/cardImages/DOM/444378/cardimage.png	《スキジック/Skizzik》
https://mtg-jp.com//img_sys/cardImages/DOM/444379/cardimage.png	《不死身、スクイー/Squee, the Immortal》
https://mtg-jp.com//img_sys/cardImages/DOM/444380/cardimage.png	《双頭巨人/Two-Headed Giant》
https://mtg-jp.com//img_sys/cardImages/DOM/444381/cardimage.png	《炎の番人、ヴァルダーク/Valduk, Keeper of the Flame》
https://mtg-jp.com//img_sys/cardImages/DOM/444382/cardimage.png	《刃の翼ヴェリックス/Verix Bladewing》
https://mtg-jp.com//img_sys/cardImages/DOM/444383/cardimage.png	《喊声のフェニックス/Warcry Phoenix》
https://mtg-jp.com//img_sys/cardImages/DOM/444384/cardimage.png	《大将軍の憤怒/Warlord's Fury》
https://mtg-jp.com//img_sys/cardImages/DOM/444385/cardimage.png	《魔術師の稲妻/Wizard's Lightning》
https://mtg-jp.com//img_sys/cardImages/DOM/445903/cardimage.png	《勇敢な紅蓮術師、チャンドラ/Chandra, Bold Pyromancer》
https://mtg-jp.com//img_sys/cardImages/DOM/445904/cardimage.png	《チャンドラの激高/Chandra's Outburst》
https://mtg-jp.com//img_sys/cardImages/DOM/445905/cardimage.png	《カープルーザンの猟犬/Karplusan Hound》
https://mtg-jp.com//img_sys/cardImages/DOM/445906/cardimage.png	《紅蓮の巡礼者/Pyromantic Pilgrim》
https://mtg-jp.com//img_sys/cardImages/DOM/444386/cardimage.png	《冒険の衝動/Adventurous Impulse》
https://mtg-jp.com//img_sys/cardImages/DOM/444387/cardimage.png	《古えの憎しみ/Ancient Animus》
https://mtg-jp.com//img_sys/cardImages/DOM/444388/cardimage.png	《高木の武装/Arbor Armament》
https://mtg-jp.com//img_sys/cardImages/DOM/444389/cardimage.png	《ベイロスの大喰らい/Baloth Gorger》
https://mtg-jp.com//img_sys/cardImages/DOM/444390/cardimage.png	《壊れた絆/Broken Bond》
https://mtg-jp.com//img_sys/cardImages/DOM/444391/cardimage.png	《腐食軟泥/Corrosive Ooze》
https://mtg-jp.com//img_sys/cardImages/DOM/444392/cardimage.png	《エルフェイムのドルイド/Elfhame Druid》
https://mtg-jp.com//img_sys/cardImages/DOM/444393/cardimage.png	《菌類の勢力範囲/Fungal Plots》
https://mtg-jp.com//img_sys/cardImages/DOM/444394/cardimage.png	《ガイアの祝福/Gaea's Blessing》
https://mtg-jp.com//img_sys/cardImages/DOM/444395/cardimage.png	《ガイアの守護者/Gaea's Protector》
https://mtg-jp.com//img_sys/cardImages/DOM/444396/cardimage.png	《成長の資質/Gift of Growth》
https://mtg-jp.com//img_sys/cardImages/DOM/444397/cardimage.png	《灰からの成長/Grow from the Ashes》
https://mtg-jp.com//img_sys/cardImages/DOM/444398/cardimage.png	《孤独な王、グラン/Grunn, the Lonely King》
https://mtg-jp.com//img_sys/cardImages/DOM/444399/cardimage.png	《カマールのドルイド的誓約/Kamahl's Druidic Vow》
https://mtg-jp.com//img_sys/cardImages/DOM/444400/cardimage.png	《クローサのドルイド/Krosan Druid》
https://mtg-jp.com//img_sys/cardImages/DOM/444401/cardimage.png	《ラノワールのエルフ/Llanowar Elves》
https://mtg-jp.com//img_sys/cardImages/DOM/444402/cardimage.png	《ラノワールの特使/Llanowar Envoy》
https://mtg-jp.com//img_sys/cardImages/DOM/444403/cardimage.png	《ラノワールの斥候/Llanowar Scout》
https://mtg-jp.com//img_sys/cardImages/DOM/444404/cardimage.png	《マンモスグモ/Mammoth Spider》
https://mtg-jp.com//img_sys/cardImages/DOM/444405/cardimage.png	《養育者、マーウィン/Marwyn, the Nurturer》
https://mtg-jp.com//img_sys/cardImages/DOM/444406/cardimage.png	《ドミナリアの大修復/The Mending of Dominaria》
https://mtg-jp.com//img_sys/cardImages/DOM/444407/cardimage.png	《ヤヴィマヤの化身、ムルタニ/Multani, Yavimaya's Avatar》
https://mtg-jp.com//img_sys/cardImages/DOM/444408/cardimage.png	《自然のらせん/Nature's Spiral》
https://mtg-jp.com//img_sys/cardImages/DOM/444409/cardimage.png	《空を射抜く/Pierce the Sky》
https://mtg-jp.com//img_sys/cardImages/DOM/444410/cardimage.png	《始源のワーム/Primordial Wurm》
https://mtg-jp.com//img_sys/cardImages/DOM/444411/cardimage.png	《苗木の移牧/Saproling Migration》
https://mtg-jp.com//img_sys/cardImages/DOM/444412/cardimage.png	《フレイアリーズの歌/Song of Freyalise》
https://mtg-jp.com//img_sys/cardImages/DOM/444413/cardimage.png	《胞子の大群/Spore Swarm》
https://mtg-jp.com//img_sys/cardImages/DOM/444414/cardimage.png	《胞子冠サリッド/Sporecrown Thallid》
https://mtg-jp.com//img_sys/cardImages/DOM/444415/cardimage.png	《鉄葉のチャンピオン/Steel Leaf Champion》
https://mtg-jp.com//img_sys/cardImages/DOM/444416/cardimage.png	《森の目覚め/Sylvan Awakening》
https://mtg-jp.com//img_sys/cardImages/DOM/444417/cardimage.png	《縄張り持ちのアロサウルス/Territorial Allosaurus》
https://mtg-jp.com//img_sys/cardImages/DOM/444418/cardimage.png	《茨の精霊/Thorn Elemental》
https://mtg-jp.com//img_sys/cardImages/DOM/444419/cardimage.png	《荒々しいカヴー/Untamed Kavu》
https://mtg-jp.com//img_sys/cardImages/DOM/444420/cardimage.png	《新緑の魔力/Verdant Force》
https://mtg-jp.com//img_sys/cardImages/DOM/444421/cardimage.png	《野生の猛攻/Wild Onslaught》
https://mtg-jp.com//img_sys/cardImages/DOM/444422/cardimage.png	《ヤヴィマヤの苗飼い/Yavimaya Sapherd》
https://mtg-jp.com//img_sys/cardImages/DOM/444423/cardimage.png	《燃えがらの風、エイデリズ/Adeliz, the Cinder Wind》
https://mtg-jp.com//img_sys/cardImages/DOM/444424/cardimage.png	《呪われし者、アルヴァード/Arvad the Cursed》
https://mtg-jp.com//img_sys/cardImages/DOM/444425/cardimage.png	《ウィンドグレイスの騎士、アルイェール/Aryel, Knight of Windgrace》
https://mtg-jp.com//img_sys/cardImages/DOM/444426/cardimage.png	《転生するデアリガズ/Darigaaz Reincarnated》
https://mtg-jp.com//img_sys/cardImages/DOM/444427/cardimage.png	《血の炎、ガルナ/Garna, the Bloodflame》
https://mtg-jp.com//img_sys/cardImages/DOM/444428/cardimage.png	《総将軍ラーダ/Grand Warlord Radha》
https://mtg-jp.com//img_sys/cardImages/DOM/444429/cardimage.png	《炎矢師、ハラー/Hallar, the Firefletcher》
https://mtg-jp.com//img_sys/cardImages/DOM/444430/cardimage.png	《ウェザーライトの艦長、ジョイラ/Jhoira, Weatherlight Captain》
https://mtg-jp.com//img_sys/cardImages/DOM/444431/cardimage.png	《永遠の大魔道師、ジョダー/Jodah, Archmage Eternal》
https://mtg-jp.com//img_sys/cardImages/DOM/444432/cardimage.png	《墓場波、ムルドローサ/Muldrotha, the Gravetide》
https://mtg-jp.com//img_sys/cardImages/DOM/444433/cardimage.png	《テフェリーの誓い/Oath of Teferi》
https://mtg-jp.com//img_sys/cardImages/DOM/444434/cardimage.png	《上古族の栄華な再誕/Primevals' Glorious Rebirth》
https://mtg-jp.com//img_sys/cardImages/DOM/444435/cardimage.png	《艦の魔道士、ラフ・キャパシェン/Raff Capashen, Ship's Mage》
https://mtg-jp.com//img_sys/cardImages/DOM/444436/cardimage.png	《ギックスの信奉者、ローナ/Rona, Disciple of Gix》
https://mtg-jp.com//img_sys/cardImages/DOM/444437/cardimage.png	《シッセイの後裔、シャナ/Shanna, Sisay's Legacy》
https://mtg-jp.com//img_sys/cardImages/DOM/444438/cardimage.png	《密航者、スライムフット/Slimefoot, the Stowaway》
https://mtg-jp.com//img_sys/cardImages/DOM/444439/cardimage.png	《水底のドルイド、タトヨヴァ/Tatyova, Benthic Druid》
https://mtg-jp.com//img_sys/cardImages/DOM/444440/cardimage.png	《ドミナリアの英雄、テフェリー/Teferi, Hero of Dominaria》
https://mtg-jp.com//img_sys/cardImages/DOM/444441/cardimage.png	《艦の整備士、ティアナ/Tiana, Ship's Caretaker》
https://mtg-jp.com//img_sys/cardImages/DOM/445898/cardimage.png	《時を曲げる者、テフェリー/Teferi, Timebender》
https://mtg-jp.com//img_sys/cardImages/DOM/445900/cardimage.png	《忠実な癒し手、ニアンビ/Niambi, Faithful Healer》
https://mtg-jp.com//img_sys/cardImages/DOM/445963/cardimage.png	《ファイアソングとサンスピーカー/Firesong and Sunspeaker》
https://mtg-jp.com//img_sys/cardImages/DOM/444442/cardimage.png	《エイスサーの滑空機/Aesthir Glider》
https://mtg-jp.com//img_sys/cardImages/DOM/444443/cardimage.png	《悠久の壁/Amaranthine Wall》
https://mtg-jp.com//img_sys/cardImages/DOM/444444/cardimage.png	《再鍛の黒き剣/Blackblade Reforged》
https://mtg-jp.com//img_sys/cardImages/DOM/444445/cardimage.png	《獣血蝋燭/Bloodtallow Candle》
https://mtg-jp.com//img_sys/cardImages/DOM/444446/cardimage.png	《減衰球/Damping Sphere》
https://mtg-jp.com//img_sys/cardImages/DOM/444447/cardimage.png	《先祖の刃/Forebear's Blade》
https://mtg-jp.com//img_sys/cardImages/DOM/444448/cardimage.png	《金粉の水蓮/Gilded Lotus》
https://mtg-jp.com//img_sys/cardImages/DOM/444449/cardimage.png	《コイロスの守護者/Guardians of Koilos》
https://mtg-jp.com//img_sys/cardImages/DOM/444450/cardimage.png	《多勢の兜/Helm of the Host》
https://mtg-jp.com//img_sys/cardImages/DOM/444451/cardimage.png	《吠えたけるゴーレム/Howling Golem》
https://mtg-jp.com//img_sys/cardImages/DOM/444452/cardimage.png	《氷の干渉器/Icy Manipulator》
https://mtg-jp.com//img_sys/cardImages/DOM/444453/cardimage.png	《ジョイラの使い魔/Jhoira's Familiar》
https://mtg-jp.com//img_sys/cardImages/DOM/444454/cardimage.png	《馬上槍/Jousting Lance》
https://mtg-jp.com//img_sys/cardImages/DOM/444455/cardimage.png	《巨大戦車/Juggernaut》
https://mtg-jp.com//img_sys/cardImages/DOM/444456/cardimage.png	《ミシュラの自己複製機械/Mishra's Self-Replicator》
https://mtg-jp.com//img_sys/cardImages/DOM/444457/cardimage.png	《モックス・アンバー/Mox Amber》
https://mtg-jp.com//img_sys/cardImages/DOM/444458/cardimage.png	《航海士のコンパス/Navigator's Compass》
https://mtg-jp.com//img_sys/cardImages/DOM/444459/cardimage.png	《パーディック山の放浪者/Pardic Wanderer》
https://mtg-jp.com//img_sys/cardImages/DOM/444460/cardimage.png	《パワーストーンの破片/Powerstone Shard》
https://mtg-jp.com//img_sys/cardImages/DOM/444461/cardimage.png	《世界の盾/Shield of the Realm》
https://mtg-jp.com//img_sys/cardImages/DOM/444462/cardimage.png	《小剣/Short Sword》
https://mtg-jp.com//img_sys/cardImages/DOM/444463/cardimage.png	《這い回る偵察機/Skittering Surveyor》
https://mtg-jp.com//img_sys/cardImages/DOM/444464/cardimage.png	《呪術師のワンド/Sorcerer's Wand》
https://mtg-jp.com//img_sys/cardImages/DOM/444465/cardimage.png	《演習用模型/Sparring Construct》
https://mtg-jp.com//img_sys/cardImages/DOM/444466/cardimage.png	《スランの経時門/Thran Temporal Gateway》
https://mtg-jp.com//img_sys/cardImages/DOM/444467/cardimage.png	《クルーグの災い魔、トラクソス/Traxos, Scourge of Kroog》
https://mtg-jp.com//img_sys/cardImages/DOM/444468/cardimage.png	《ウルザの秘本/Urza's Tome》
https://mtg-jp.com//img_sys/cardImages/DOM/444469/cardimage.png	《通電式召使い/Voltaic Servant》
https://mtg-jp.com//img_sys/cardImages/DOM/444470/cardimage.png	《ウェザーライト/Weatherlight》
https://mtg-jp.com//img_sys/cardImages/DOM/445901/cardimage.png	《テフェリーの歩哨/Teferi's Sentinel》
https://mtg-jp.com//img_sys/cardImages/DOM/444234/cardimage.png	《ウルザの後継、カーン/Karn, Scion of Urza》
https://mtg-jp.com//img_sys/cardImages/DOM/444471/cardimage.png	《陰謀団の要塞/Cabal Stronghold》
https://mtg-jp.com//img_sys/cardImages/DOM/444472/cardimage.png	《断崖の避難所/Clifftop Retreat》
https://mtg-jp.com//img_sys/cardImages/DOM/444473/cardimage.png	《内陸の湾港/Hinterland Harbor》
https://mtg-jp.com//img_sys/cardImages/DOM/444474/cardimage.png	《孤立した礼拝堂/Isolated Chapel》
https://mtg-jp.com//img_sys/cardImages/DOM/444475/cardimage.png	《愚蒙の記念像/Memorial to Folly》
https://mtg-jp.com//img_sys/cardImages/DOM/444476/cardimage.png	《天才の記念像/Memorial to Genius》
https://mtg-jp.com//img_sys/cardImages/DOM/444477/cardimage.png	《名誉の記念像/Memorial to Glory》
https://mtg-jp.com//img_sys/cardImages/DOM/444478/cardimage.png	《結束の記念像/Memorial to Unity》
https://mtg-jp.com//img_sys/cardImages/DOM/444479/cardimage.png	《闘争の記念像/Memorial to War》
https://mtg-jp.com//img_sys/cardImages/DOM/444480/cardimage.png	《硫黄の滝/Sulfur Falls》
https://mtg-jp.com//img_sys/cardImages/DOM/444481/cardimage.png	《森林の墓地/Woodland Cemetery》
https://mtg-jp.com//img_sys/cardImages/DOM/444482/cardimage.png	《ザルファーの虚空/Zhalfirin Void》
https://mtg-jp.com//img_sys/cardImages/DOM/444483/cardimage.png	《平地/Plains》
https://mtg-jp.com//img_sys/cardImages/DOM/444484/cardimage.png	《平地/Plains》
https://mtg-jp.com//img_sys/cardImages/DOM/444485/cardimage.png	《平地/Plains》
https://mtg-jp.com//img_sys/cardImages/DOM/444486/cardimage.png	《平地/Plains》
https://mtg-jp.com//img_sys/cardImages/DOM/444487/cardimage.png	《島/Island》
https://mtg-jp.com//img_sys/cardImages/DOM/444488/cardimage.png	《島/Island》
https://mtg-jp.com//img_sys/cardImages/DOM/444489/cardimage.png	《島/Island》
https://mtg-jp.com//img_sys/cardImages/DOM/444490/cardimage.png	《島/Island》
https://mtg-jp.com//img_sys/cardImages/DOM/444491/cardimage.png	《沼/Swamp》
https://mtg-jp.com//img_sys/cardImages/DOM/444492/cardimage.png	《沼/Swamp》
https://mtg-jp.com//img_sys/cardImages/DOM/444493/cardimage.png	《沼/Swamp》
https://mtg-jp.com//img_sys/cardImages/DOM/444494/cardimage.png	《沼/Swamp》
https://mtg-jp.com//img_sys/cardImages/DOM/444495/cardimage.png	《山/Mountain》
https://mtg-jp.com//img_sys/cardImages/DOM/444496/cardimage.png	《山/Mountain》
https://mtg-jp.com//img_sys/cardImages/DOM/444497/cardimage.png	《山/Mountain》
https://mtg-jp.com//img_sys/cardImages/DOM/444498/cardimage.png	《山/Mountain》
https://mtg-jp.com//img_sys/cardImages/DOM/444499/cardimage.png	《森/Forest》
https://mtg-jp.com//img_sys/cardImages/DOM/444500/cardimage.png	《森/Forest》
https://mtg-jp.com//img_sys/cardImages/DOM/444501/cardimage.png	《森/Forest》
https://mtg-jp.com//img_sys/cardImages/DOM/444502/cardimage.png	《森/Forest》
https://mtg-jp.com//img_sys/cardImages/DOM/445902/cardimage.png	《曲がりくねる川/Meandering River》
https://mtg-jp.com//img_sys/cardImages/DOM/445907/cardimage.png	《森林の地溝/Timber Gorge》
