https://mtg-jp.com//img_sys/cardImages/GRN/454046/cardimage.png,《刃の教官/Blade Instructor》s
https://mtg-jp.com//img_sys/cardImages/GRN/454047/cardimage.png,《報奨密偵/Bounty Agent》s
https://mtg-jp.com//img_sys/cardImages/GRN/454048/cardimage.png,《蝋燭の夜警/Candlelight Vigil》s
https://mtg-jp.com//img_sys/cardImages/GRN/454049/cardimage.png,《一斉検挙/Citywide Bust》s
https://mtg-jp.com//img_sys/cardImages/GRN/454050/cardimage.png,《罪人逮捕/Collar the Culprit》s
https://mtg-jp.com//img_sys/cardImages/GRN/454051/cardimage.png,《議事会の裁き/Conclave Tribunal》s
https://mtg-jp.com//img_sys/cardImages/GRN/454052/cardimage.png,《禁制品潰し/Crush Contraband》s
https://mtg-jp.com//img_sys/cardImages/GRN/454053/cardimage.png,《希望の夜明け/Dawn of Hope》s
https://mtg-jp.com//img_sys/cardImages/GRN/454054/cardimage.png,《降格/Demotion》s
https://mtg-jp.com//img_sys/cardImages/GRN/454055/cardimage.png,《神聖な訪問/Divine Visitation》s
https://mtg-jp.com//img_sys/cardImages/GRN/454056/cardimage.png,《乗馬兵の飛行/Flight of Equenauts》s
https://mtg-jp.com//img_sys/cardImages/GRN/454057/cardimage.png,《戦いの覚悟/Gird for Battle》s
https://mtg-jp.com//img_sys/cardImages/GRN/454058/cardimage.png,《ハズダーの司法官/Haazda Marshal》s
https://mtg-jp.com//img_sys/cardImages/GRN/454059/cardimage.png,《癒し手の鷹/Healer's Hawk》s
https://mtg-jp.com//img_sys/cardImages/GRN/454060/cardimage.png,《追われる証人/Hunted Witness》s
https://mtg-jp.com//img_sys/cardImages/GRN/454061/cardimage.png,《鼓舞する一角獣/Inspiring Unicorn》s
https://mtg-jp.com//img_sys/cardImages/GRN/454062/cardimage.png,《押し入る荷役獣/Intrusive Packbeast》s
https://mtg-jp.com//img_sys/cardImages/GRN/454063/cardimage.png,《レーデヴの守護者/Ledev Guardian》s
https://mtg-jp.com//img_sys/cardImages/GRN/454064/cardimage.png,《軍勢の光/Light of the Legion》s
https://mtg-jp.com//img_sys/cardImages/GRN/454065/cardimage.png,《ロクソドンの修復者/Loxodon Restorer》s
https://mtg-jp.com//img_sys/cardImages/GRN/454066/cardimage.png,《光明の縛め/Luminous Bonds》s
https://mtg-jp.com//img_sys/cardImages/GRN/454067/cardimage.png,《パルヘリオンの巡視兵/Parhelion Patrol》s
https://mtg-jp.com//img_sys/cardImages/GRN/454068/cardimage.png,《正義の一撃/Righteous Blow》s
https://mtg-jp.com//img_sys/cardImages/GRN/454069/cardimage.png,《突撃するロック鳥/Roc Charger》s
https://mtg-jp.com//img_sys/cardImages/GRN/454070/cardimage.png,《天空の斥候/Skyline Scout》s
https://mtg-jp.com//img_sys/cardImages/GRN/454071/cardimage.png,《サンホームの重鎮/Sunhome Stalwart》s
https://mtg-jp.com//img_sys/cardImages/GRN/454072/cardimage.png,《刎頸の友/Sworn Companions》s
https://mtg-jp.com//img_sys/cardImages/GRN/454073/cardimage.png,《奨励/Take Heart》s
https://mtg-jp.com//img_sys/cardImages/GRN/454074/cardimage.png,《第10管区の守備兵/Tenth District Guard》s
https://mtg-jp.com//img_sys/cardImages/GRN/454075/cardimage.png,《敬慕されるロクソドン/Venerated Loxodon》s
https://mtg-jp.com//img_sys/cardImages/GRN/454076/cardimage.png,《捕獲球/Capture Sphere》s
https://mtg-jp.com//img_sys/cardImages/GRN/454077/cardimage.png,《薬術師の眼識/Chemister's Insight》s
https://mtg-jp.com//img_sys/cardImages/GRN/454078/cardimage.png,《街見張りのスフィンクス/Citywatch Sphinx》s
https://mtg-jp.com//img_sys/cardImages/GRN/454079/cardimage.png,《眩惑の光/Dazzling Lights》s
https://mtg-jp.com//img_sys/cardImages/GRN/454080/cardimage.png,《悪賢い隠蔽/Devious Cover-Up》s
https://mtg-jp.com//img_sys/cardImages/GRN/454081/cardimage.png,《ディミーアの密告者/Dimir Informant》s
https://mtg-jp.com//img_sys/cardImages/GRN/454082/cardimage.png,《軽蔑的な一撃/Disdainful Stroke》s
https://mtg-jp.com//img_sys/cardImages/GRN/454083/cardimage.png,《夢喰い/Dream Eater》s
https://mtg-jp.com//img_sys/cardImages/GRN/454084/cardimage.png,《水没した秘密/Drowned Secrets》s
https://mtg-jp.com//img_sys/cardImages/GRN/454085/cardimage.png,《諜報強化/Enhanced Surveillance》s
https://mtg-jp.com//img_sys/cardImages/GRN/454086/cardimage.png,《ギルド会談/Guild Summit》s
https://mtg-jp.com//img_sys/cardImages/GRN/454087/cardimage.png,《跳び蛙/Leapfrog》s
https://mtg-jp.com//img_sys/cardImages/GRN/454088/cardimage.png,《最大高度/Maximize Altitude》s
https://mtg-jp.com//img_sys/cardImages/GRN/454089/cardimage.png,《任務説明/Mission Briefing》s
https://mtg-jp.com//img_sys/cardImages/GRN/454090/cardimage.png,《つぶやく神秘家/Murmuring Mystic》s
https://mtg-jp.com//img_sys/cardImages/GRN/454091/cardimage.png,《詩神のドレイク/Muse Drake》s
https://mtg-jp.com//img_sys/cardImages/GRN/454092/cardimage.png,《ナルコメーバ/Narcomoeba》s
https://mtg-jp.com//img_sys/cardImages/GRN/454093/cardimage.png,《夜帷のスプライト/Nightveil Sprite》s
https://mtg-jp.com//img_sys/cardImages/GRN/454094/cardimage.png,《万呪文の達人/Omnispell Adept》s
https://mtg-jp.com//img_sys/cardImages/GRN/454095/cardimage.png,《壁過の達人/Passwall Adept》s
https://mtg-jp.com//img_sys/cardImages/GRN/454096/cardimage.png,《模写/Quasiduplicate》s
https://mtg-jp.com//img_sys/cardImages/GRN/454097/cardimage.png,《急進思想/Radical Idea》s
https://mtg-jp.com//img_sys/cardImages/GRN/454098/cardimage.png,《選択的な罠/Selective Snare》s
https://mtg-jp.com//img_sys/cardImages/GRN/454099/cardimage.png,《悪意ある妨害/Sinister Sabotage》s
https://mtg-jp.com//img_sys/cardImages/GRN/454100/cardimage.png,《思考繋ぎの幻/Thoughtbound Phantasm》s
https://mtg-jp.com//img_sys/cardImages/GRN/454101/cardimage.png,《原因不明の消失/Unexplained Disappearance》s
https://mtg-jp.com//img_sys/cardImages/GRN/454102/cardimage.png,《ヴィダルケンの催眠術師/Vedalken Mesmerist》s
https://mtg-jp.com//img_sys/cardImages/GRN/454103/cardimage.png,《霧の壁/Wall of Mist》s
https://mtg-jp.com//img_sys/cardImages/GRN/454104/cardimage.png,《霧から見張るもの/Watcher in the Mist》s
https://mtg-jp.com//img_sys/cardImages/GRN/454105/cardimage.png,《賽銭ガニ/Wishcoin Crab》s
https://mtg-jp.com//img_sys/cardImages/GRN/455676/cardimage.png,《ラルの消散/Ral's Dispersal》s
https://mtg-jp.com//img_sys/cardImages/GRN/454106/cardimage.png,《骨の障壁/Barrier of Bones》s
https://mtg-jp.com//img_sys/cardImages/GRN/454107/cardimage.png,《張り出し櫓のコウモリ/Bartizan Bats》s
https://mtg-jp.com//img_sys/cardImages/GRN/454108/cardimage.png,《血の刺客/Blood Operative》s
https://mtg-jp.com//img_sys/cardImages/GRN/454109/cardimage.png,《泥棒ネズミ/Burglar Rat》s
https://mtg-jp.com//img_sys/cardImages/GRN/454110/cardimage.png,《夜の子/Child of Night》s
https://mtg-jp.com//img_sys/cardImages/GRN/454111/cardimage.png,《這い寄る恐怖/Creeping Chill》s
https://mtg-jp.com//img_sys/cardImages/GRN/454112/cardimage.png,《死の重み/Dead Weight》s
https://mtg-jp.com//img_sys/cardImages/GRN/454113/cardimage.png,《致命的な訪問/Deadly Visit》s
https://mtg-jp.com//img_sys/cardImages/GRN/454114/cardimage.png,《破滅を囁くもの/Doom Whisperer》s
https://mtg-jp.com//img_sys/cardImages/GRN/454115/cardimage.png,《光を遮るもの/Douser of Lights》s
https://mtg-jp.com//img_sys/cardImages/GRN/454116/cardimage.png,《陰惨な生類/Gruesome Menagerie》s
https://mtg-jp.com//img_sys/cardImages/GRN/454117/cardimage.png,《雇われた毒殺者/Hired Poisoner》s
https://mtg-jp.com//img_sys/cardImages/GRN/454118/cardimage.png,《クロールの群れ/Kraul Swarm》s
https://mtg-jp.com//img_sys/cardImages/GRN/454119/cardimage.png,《ロッテスの巨人/Lotleth Giant》s
https://mtg-jp.com//img_sys/cardImages/GRN/454120/cardimage.png,《霊廟の秘密/Mausoleum Secrets》s
https://mtg-jp.com//img_sys/cardImages/GRN/454121/cardimage.png,《有毒ガス/Mephitic Vapors》s
https://mtg-jp.com//img_sys/cardImages/GRN/454122/cardimage.png,《真夜中の死神/Midnight Reaper》s
https://mtg-jp.com//img_sys/cardImages/GRN/454123/cardimage.png,《感情化粧師/Moodmark Painter》s
https://mtg-jp.com//img_sys/cardImages/GRN/454124/cardimage.png,《壊死性の傷/Necrotic Wound》s
https://mtg-jp.com//img_sys/cardImages/GRN/454125/cardimage.png,《なかったことに/Never Happened》s
https://mtg-jp.com//img_sys/cardImages/GRN/454126/cardimage.png,《物盗りインプ/Pilfering Imp》s
https://mtg-jp.com//img_sys/cardImages/GRN/454127/cardimage.png,《疫病造り師/Plaguecrafter》s
https://mtg-jp.com//img_sys/cardImages/GRN/454128/cardimage.png,《名声の代価/Price of Fame》s
https://mtg-jp.com//img_sys/cardImages/GRN/454129/cardimage.png,《煤の儀式/Ritual of Soot》s
https://mtg-jp.com//img_sys/cardImages/GRN/454130/cardimage.png,《切断された糸/Severed Strands》s
https://mtg-jp.com//img_sys/cardImages/GRN/454131/cardimage.png,《背骨ムカデ/Spinal Centipede》s
https://mtg-jp.com//img_sys/cardImages/GRN/454132/cardimage.png,《地底街のネクロリスク/Undercity Necrolisk》s
https://mtg-jp.com//img_sys/cardImages/GRN/454133/cardimage.png,《隠された影/Veiled Shade》s
https://mtg-jp.com//img_sys/cardImages/GRN/454134/cardimage.png,《悪意ある噂/Vicious Rumors》s
https://mtg-jp.com//img_sys/cardImages/GRN/454135/cardimage.png,《囁く情報屋/Whispering Snitch》s
https://mtg-jp.com//img_sys/cardImages/GRN/455680/cardimage.png,《クロールの略奪者/Kraul Raider》s
https://mtg-jp.com//img_sys/cardImages/GRN/454136/cardimage.png,《弧光のフェニックス/Arclight Phoenix》s
https://mtg-jp.com//img_sys/cardImages/GRN/454137/cardimage.png,《突発的な兵長/Barging Sergeant》s
https://mtg-jp.com//img_sys/cardImages/GRN/454138/cardimage.png,《本を貪るもの/Book Devourer》s
https://mtg-jp.com//img_sys/cardImages/GRN/454139/cardimage.png,《嵐の行使/Command the Storm》s
https://mtg-jp.com//img_sys/cardImages/GRN/454140/cardimage.png,《宇宙粒子波/Cosmotronic Wave》s
https://mtg-jp.com//img_sys/cardImages/GRN/454141/cardimage.png,《直流/Direct Current》s
https://mtg-jp.com//img_sys/cardImages/GRN/454142/cardimage.png,《静電場/Electrostatic Field》s
https://mtg-jp.com//img_sys/cardImages/GRN/454143/cardimage.png,《奇矯なサイクロプス/Erratic Cyclops》s
https://mtg-jp.com//img_sys/cardImages/GRN/454144/cardimage.png,《実験の狂乱/Experimental Frenzy》s
https://mtg-jp.com//img_sys/cardImages/GRN/454145/cardimage.png,《恐れなき矛槍兵/Fearless Halberdier》s
https://mtg-jp.com//img_sys/cardImages/GRN/454146/cardimage.png,《火小僧/Fire Urchin》s
https://mtg-jp.com//img_sys/cardImages/GRN/454147/cardimage.png,《ゴブリンの旗持ち/Goblin Banneret》s
https://mtg-jp.com//img_sys/cardImages/GRN/454148/cardimage.png,《ゴブリンのクレーター掘り/Goblin Cratermaker》s
https://mtg-jp.com//img_sys/cardImages/GRN/454149/cardimage.png,《ゴブリンの鍵師/Goblin Locksmith》s
https://mtg-jp.com//img_sys/cardImages/GRN/454150/cardimage.png,《重力殴打/Gravitic Punch》s
https://mtg-jp.com//img_sys/cardImages/GRN/454151/cardimage.png,《ヘルカイトの仔/Hellkite Whelp》s
https://mtg-jp.com//img_sys/cardImages/GRN/454152/cardimage.png,《逃れ得ぬ猛火/Inescapable Blaze》s
https://mtg-jp.com//img_sys/cardImages/GRN/454153/cardimage.png,《溶岩コイル/Lava Coil》s
https://mtg-jp.com//img_sys/cardImages/GRN/454154/cardimage.png,《軍勢の戦親分/Legion Warboss》s
https://mtg-jp.com//img_sys/cardImages/GRN/454155/cardimage.png,《狂った怒り/Maniacal Rage》s
https://mtg-jp.com//img_sys/cardImages/GRN/454156/cardimage.png,《最大速度/Maximize Velocity》s
https://mtg-jp.com//img_sys/cardImages/GRN/454157/cardimage.png,《気難しいゴブリン/Ornery Goblin》s
https://mtg-jp.com//img_sys/cardImages/GRN/454158/cardimage.png,《危険因子/Risk Factor》s
https://mtg-jp.com//img_sys/cardImages/GRN/454159/cardimage.png,《瓦礫帯の猪/Rubblebelt Boar》s
https://mtg-jp.com//img_sys/cardImages/GRN/454160/cardimage.png,《遁走する蒸気族/Runaway Steam-Kin》s
https://mtg-jp.com//img_sys/cardImages/GRN/454161/cardimage.png,《溶解区のミノタウルス/Smelt-Ward Minotaur》s
https://mtg-jp.com//img_sys/cardImages/GRN/454162/cardimage.png,《街頭暴動/Street Riot》s
https://mtg-jp.com//img_sys/cardImages/GRN/454163/cardimage.png,《確実な一撃/Sure Strike》s
https://mtg-jp.com//img_sys/cardImages/GRN/454164/cardimage.png,《松明の急使/Torch Courier》s
https://mtg-jp.com//img_sys/cardImages/GRN/454165/cardimage.png,《ウォジェクの護衛/Wojek Bodyguard》s
https://mtg-jp.com//img_sys/cardImages/GRN/455677/cardimage.png,《正確な稲妻/Precision Bolt》s
https://mtg-jp.com//img_sys/cardImages/GRN/454166/cardimage.png,《優しいインドリク/Affectionate Indrik》s
https://mtg-jp.com//img_sys/cardImages/GRN/454167/cardimage.png,《樹木園の精霊/Arboretum Elemental》s
https://mtg-jp.com//img_sys/cardImages/GRN/454168/cardimage.png,《獣に囁く者/Beast Whisperer》s
https://mtg-jp.com//img_sys/cardImages/GRN/454169/cardimage.png,《力の報奨/Bounty of Might》s
https://mtg-jp.com//img_sys/cardImages/GRN/454170/cardimage.png,《迂回路/Circuitous Route》s
https://mtg-jp.com//img_sys/cardImages/GRN/454171/cardimage.png,《押し潰す梢/Crushing Canopy》s
https://mtg-jp.com//img_sys/cardImages/GRN/454172/cardimage.png,《デヴカリンの造反者/Devkarin Dissident》s
https://mtg-jp.com//img_sys/cardImages/GRN/454173/cardimage.png,《管区の案内人/District Guide》s
https://mtg-jp.com//img_sys/cardImages/GRN/454174/cardimage.png,《気前のいい野良猫/Generous Stray》s
https://mtg-jp.com//img_sys/cardImages/GRN/454175/cardimage.png,《ゴルガリの略奪者/Golgari Raiders》s
https://mtg-jp.com//img_sys/cardImages/GRN/454176/cardimage.png,《絡み合うモウセンゴケ/Grappling Sundew》s
https://mtg-jp.com//img_sys/cardImages/GRN/454177/cardimage.png,《孵卵場の蜘蛛/Hatchery Spider》s
https://mtg-jp.com//img_sys/cardImages/GRN/454178/cardimage.png,《絡み爪のイトグモ/Hitchclaw Recluse》s
https://mtg-jp.com//img_sys/cardImages/GRN/454179/cardimage.png,《鋼胴の甲虫/Ironshell Beetle》s
https://mtg-jp.com//img_sys/cardImages/GRN/454180/cardimage.png,《クロールの食料隊/Kraul Foragers》s
https://mtg-jp.com//img_sys/cardImages/GRN/454181/cardimage.png,《クロールの銛撃ち/Kraul Harpooner》s
https://mtg-jp.com//img_sys/cardImages/GRN/454182/cardimage.png,《大群の力/Might of the Masses》s
https://mtg-jp.com//img_sys/cardImages/GRN/454183/cardimage.png,《無効皮のフェロックス/Nullhide Ferox》s
https://mtg-jp.com//img_sys/cardImages/GRN/454184/cardimage.png,《群れの好意/Pack's Favor》s
https://mtg-jp.com//img_sys/cardImages/GRN/454185/cardimage.png,《内省のための小休止/Pause for Reflection》s
https://mtg-jp.com//img_sys/cardImages/GRN/454186/cardimage.png,《生皮収集家/Pelt Collector》s
https://mtg-jp.com//img_sys/cardImages/GRN/454187/cardimage.png,《落とし格子の蔦/Portcullis Vine》s
https://mtg-jp.com//img_sys/cardImages/GRN/454188/cardimage.png,《捕食/Prey Upon》s
https://mtg-jp.com//img_sys/cardImages/GRN/454189/cardimage.png,《包囲ワーム/Siege Wurm》s
https://mtg-jp.com//img_sys/cardImages/GRN/454190/cardimage.png,《芽吹く更生/Sprouting Renewal》s
https://mtg-jp.com//img_sys/cardImages/GRN/454191/cardimage.png,《都市の楽園/Urban Utopia》s
https://mtg-jp.com//img_sys/cardImages/GRN/454192/cardimage.png,《活胞子ワーム/Vigorspore Wurm》s
https://mtg-jp.com//img_sys/cardImages/GRN/454193/cardimage.png,《鮮烈な蘇生/Vivid Revival》s
https://mtg-jp.com//img_sys/cardImages/GRN/454194/cardimage.png,《用心深いオカピ/Wary Okapi》s
https://mtg-jp.com//img_sys/cardImages/GRN/454195/cardimage.png,《野生の角獣/Wild Ceratok》s
https://mtg-jp.com//img_sys/cardImages/GRN/455683/cardimage.png,《動じない大ワーム/Impervious Greatwurm》s
https://mtg-jp.com//img_sys/cardImages/GRN/454196/cardimage.png,《巧みな叩き伏せ/Artful Takedown》s
https://mtg-jp.com//img_sys/cardImages/GRN/454197/cardimage.png,《暗殺者の戦利品/Assassin's Trophy》s
https://mtg-jp.com//img_sys/cardImages/GRN/454198/cardimage.png,《正義の模範、オレリア/Aurelia, Exemplar of Justice》s
https://mtg-jp.com//img_sys/cardImages/GRN/454199/cardimage.png,《標の稲妻/Beacon Bolt》s
https://mtg-jp.com//img_sys/cardImages/GRN/454200/cardimage.png,《光線分割の魔道士/Beamsplitter Mage》s
https://mtg-jp.com//img_sys/cardImages/GRN/454201/cardimage.png,《ボロスの挑戦者/Boros Challenger》s
https://mtg-jp.com//img_sys/cardImages/GRN/454202/cardimage.png,《仲間意識/Camaraderie》s
https://mtg-jp.com//img_sys/cardImages/GRN/454203/cardimage.png,《ケンタウルスの仲裁者/Centaur Peacemaker》s
https://mtg-jp.com//img_sys/cardImages/GRN/454204/cardimage.png,《栄光の好機/Chance for Glory》s
https://mtg-jp.com//img_sys/cardImages/GRN/454205/cardimage.png,《納骨堂のトロール/Charnel Troll》s
https://mtg-jp.com//img_sys/cardImages/GRN/454206/cardimage.png,《議事会の騎兵/Conclave Cavalier》s
https://mtg-jp.com//img_sys/cardImages/GRN/454207/cardimage.png,《議事会のギルド魔道士/Conclave Guildmage》s
https://mtg-jp.com//img_sys/cardImages/GRN/454208/cardimage.png,《弾けるドレイク/Crackling Drake》s
https://mtg-jp.com//img_sys/cardImages/GRN/454209/cardimage.png,《闇刃の工作員/Darkblade Agent》s
https://mtg-jp.com//img_sys/cardImages/GRN/454210/cardimage.png,《轟音のクラリオン/Deafening Clarion》s
https://mtg-jp.com//img_sys/cardImages/GRN/454211/cardimage.png,《ディミーアの偵察虫/Dimir Spybug》s
https://mtg-jp.com//img_sys/cardImages/GRN/454212/cardimage.png,《虚報活動/Disinformation Campaign》s
https://mtg-jp.com//img_sys/cardImages/GRN/454213/cardimage.png,《協約の魂、イマーラ/Emmara, Soul of the Accord》s
https://mtg-jp.com//img_sys/cardImages/GRN/454214/cardimage.png,《往時軍の強兵/Erstwhile Trooper》s
https://mtg-jp.com//img_sys/cardImages/GRN/454215/cardimage.png,《静める者、エトラータ/Etrata, the Silencer》s
https://mtg-jp.com//img_sys/cardImages/GRN/454216/cardimage.png,《火想者の研究/Firemind's Research》s
https://mtg-jp.com//img_sys/cardImages/GRN/454217/cardimage.png,《駐屯地の兵長/Garrison Sergeant》s
https://mtg-jp.com//img_sys/cardImages/GRN/454218/cardimage.png,《光胞子のシャーマン/Glowspore Shaman》s
https://mtg-jp.com//img_sys/cardImages/GRN/454219/cardimage.png,《ゴブリンの電術師/Goblin Electromancer》s
https://mtg-jp.com//img_sys/cardImages/GRN/454220/cardimage.png,《ゴルガリの拾売人/Golgari Findbroker》s
https://mtg-jp.com//img_sys/cardImages/GRN/454221/cardimage.png,《槌落とし/Hammer Dropper》s
https://mtg-jp.com//img_sys/cardImages/GRN/454222/cardimage.png,《家門のギルド魔道士/House Guildmage》s
https://mtg-jp.com//img_sys/cardImages/GRN/454223/cardimage.png,《高熱仮説/Hypothesizzle》s
https://mtg-jp.com//img_sys/cardImages/GRN/454224/cardimage.png,《イオン化/Ionize》s
https://mtg-jp.com//img_sys/cardImages/GRN/454225/cardimage.png,《千の目、アイゾーニ/Izoni, Thousand-Eyed》s
https://mtg-jp.com//img_sys/cardImages/GRN/454226/cardimage.png,《盾連携/Join Shields》s
https://mtg-jp.com//img_sys/cardImages/GRN/454227/cardimage.png,《裁きの一撃/Justice Strike》s
https://mtg-jp.com//img_sys/cardImages/GRN/454228/cardimage.png,《秋の騎士/Knight of Autumn》s
https://mtg-jp.com//img_sys/cardImages/GRN/454229/cardimage.png,《万面相、ラザーヴ/Lazav, the Multifarious》s
https://mtg-jp.com//img_sys/cardImages/GRN/454230/cardimage.png,《団体のギルド魔道士/League Guildmage》s
https://mtg-jp.com//img_sys/cardImages/GRN/454231/cardimage.png,《レーデヴの勇者/Ledev Champion》s
https://mtg-jp.com//img_sys/cardImages/GRN/454232/cardimage.png,《軍勢のギルド魔道士/Legion Guildmage》s
https://mtg-jp.com//img_sys/cardImages/GRN/454233/cardimage.png,《大集団の行進/March of the Multitudes》s
https://mtg-jp.com//img_sys/cardImages/GRN/454234/cardimage.png,《記憶の裏切り/Mnemonic Betrayal》s
https://mtg-jp.com//img_sys/cardImages/GRN/454235/cardimage.png,《腐れ巨人/Molderhulk》s
https://mtg-jp.com//img_sys/cardImages/GRN/454236/cardimage.png,《夜帷の捕食者/Nightveil Predator》s
https://mtg-jp.com//img_sys/cardImages/GRN/454237/cardimage.png,《パルン、ニヴ＝ミゼット/Niv-Mizzet, Parun》s
https://mtg-jp.com//img_sys/cardImages/GRN/454238/cardimage.png,《概念の雨/Notion Rain》s
https://mtg-jp.com//img_sys/cardImages/GRN/454239/cardimage.png,《オクランの暗殺者/Ochran Assassin》s
https://mtg-jp.com//img_sys/cardImages/GRN/454240/cardimage.png,《イゼット副長、ラル/Ral, Izzet Viceroy》s
https://mtg-jp.com//img_sys/cardImages/GRN/454241/cardimage.png,《よろめく根茎/Rhizome Lurcher》s
https://mtg-jp.com//img_sys/cardImages/GRN/454242/cardimage.png,《薔薇たてがみのケンタウルス/Rosemane Centaur》s
https://mtg-jp.com//img_sys/cardImages/GRN/454243/cardimage.png,《空騎士の軍団兵/Skyknight Legionnaire》s
https://mtg-jp.com//img_sys/cardImages/GRN/454244/cardimage.png,《音波攻撃/Sonic Assault》s
https://mtg-jp.com//img_sys/cardImages/GRN/454245/cardimage.png,《スマーラの森整形師/Sumala Woodshaper》s
https://mtg-jp.com//img_sys/cardImages/GRN/454246/cardimage.png,《群集のギルド魔道士/Swarm Guildmage》s
https://mtg-jp.com//img_sys/cardImages/GRN/454247/cardimage.png,《薙ぎ払いの巨人/Swathcutter Giant》s
https://mtg-jp.com//img_sys/cardImages/GRN/454248/cardimage.png,《速太刀の擁護者/Swiftblade Vindicator》s
https://mtg-jp.com//img_sys/cardImages/GRN/454249/cardimage.png,《軍勢の切先、タージク/Tajic, Legion's Edge》s
https://mtg-jp.com//img_sys/cardImages/GRN/454250/cardimage.png,《正気泥棒/Thief of Sanity》s
https://mtg-jp.com//img_sys/cardImages/GRN/454251/cardimage.png,《思考消去/Thought Erasure》s
https://mtg-jp.com//img_sys/cardImages/GRN/454252/cardimage.png,《千年嵐/Thousand-Year Storm》s
https://mtg-jp.com//img_sys/cardImages/GRN/454253/cardimage.png,《不和のトロスターニ/Trostani Discordant》s
https://mtg-jp.com//img_sys/cardImages/GRN/454254/cardimage.png,《真火の隊長/Truefire Captain》s
https://mtg-jp.com//img_sys/cardImages/GRN/454255/cardimage.png,《地底街の反乱/Undercity Uprising》s
https://mtg-jp.com//img_sys/cardImages/GRN/454256/cardimage.png,《地底王国のリッチ/Underrealm Lich》s
https://mtg-jp.com//img_sys/cardImages/GRN/454257/cardimage.png,《漂流自我/Unmoored Ego》s
https://mtg-jp.com//img_sys/cardImages/GRN/454258/cardimage.png,《ゴルガリの女王、ヴラスカ/Vraska, Golgari Queen》s
https://mtg-jp.com//img_sys/cardImages/GRN/454259/cardimage.png,《小柄な竜装者/Wee Dragonauts》s
https://mtg-jp.com//img_sys/cardImages/GRN/454260/cardimage.png,《世界魂の巨像/Worldsoul Colossus》s
https://mtg-jp.com//img_sys/cardImages/GRN/454261/cardimage.png,《初々しい補充兵/Fresh-Faced Recruit》s
https://mtg-jp.com//img_sys/cardImages/GRN/454262/cardimage.png,《ピストン拳のサイクロプス/Piston-Fist Cyclops》s
https://mtg-jp.com//img_sys/cardImages/GRN/454263/cardimage.png,《冷酷なゴルゴン/Pitiless Gorgon》s
https://mtg-jp.com//img_sys/cardImages/GRN/454264/cardimage.png,《ヴァーナーディーの盾仲間/Vernadi Shieldmate》s
https://mtg-jp.com//img_sys/cardImages/GRN/454265/cardimage.png,《囁く工作員/Whisper Agent》s
https://mtg-jp.com//img_sys/cardImages/GRN/455675/cardimage.png,《嵐を呼ぶ者、ラル/Ral, Caller of Storms》s
https://mtg-jp.com//img_sys/cardImages/GRN/455678/cardimage.png,《ラルの静電術師/Ral's Staticaster》s
https://mtg-jp.com//img_sys/cardImages/GRN/455679/cardimage.png,《威厳あるゴルゴン、ヴラスカ/Vraska, Regal Gorgon》s
https://mtg-jp.com//img_sys/cardImages/GRN/455681/cardimage.png,《ヴラスカの従者/Attendant of Vraska》s
https://mtg-jp.com//img_sys/cardImages/GRN/455682/cardimage.png,《ヴラスカの石睨/Vraska's Stoneglare》s
https://mtg-jp.com//img_sys/cardImages/GRN/454266/cardimage.png,《確証/Assure》 // 《確立/Assemble》s
https://mtg-jp.com//img_sys/cardImages/GRN/454267/cardimage.png,《詭謀/Connive》 // 《奇策/Concoct》s
https://mtg-jp.com//img_sys/cardImages/GRN/454268/cardimage.png,《発見/Discovery》 // 《発散/Dispersal》s
https://mtg-jp.com//img_sys/cardImages/GRN/454269/cardimage.png,《発展/Expansion》 // 《発破/Explosion》s
https://mtg-jp.com//img_sys/cardImages/GRN/454270/cardimage.png,《採取/Find》 // 《最終/Finality》s
https://mtg-jp.com//img_sys/cardImages/GRN/454271/cardimage.png,《開花/Flower》 // 《華麗/Flourish》s
https://mtg-jp.com//img_sys/cardImages/GRN/454272/cardimage.png,《完全/Integrity》 // 《間隙/Intervention》s
https://mtg-jp.com//img_sys/cardImages/GRN/454273/cardimage.png,《反転/Invert》 // 《観点/Invent》s
https://mtg-jp.com//img_sys/cardImages/GRN/454274/cardimage.png,《反応/Response》 // 《反正/Resurgence》s
https://mtg-jp.com//img_sys/cardImages/GRN/454275/cardimage.png,《席次/Status》 // 《石像/Statue》s
https://mtg-jp.com//img_sys/cardImages/GRN/454276/cardimage.png,《ボロスのロケット/Boros Locket》s
https://mtg-jp.com//img_sys/cardImages/GRN/454277/cardimage.png,《庁舎の歩哨/Chamber Sentry》s
https://mtg-jp.com//img_sys/cardImages/GRN/454278/cardimage.png,《彩色の灯籠/Chromatic Lantern》s
https://mtg-jp.com//img_sys/cardImages/GRN/454279/cardimage.png,《ディミーアのロケット/Dimir Locket》s
https://mtg-jp.com//img_sys/cardImages/GRN/454280/cardimage.png,《門番のガーゴイル/Gatekeeper Gargoyle》s
https://mtg-jp.com//img_sys/cardImages/GRN/454281/cardimage.png,《ギルドパクトの大剣/Glaive of the Guildpact》s
https://mtg-jp.com//img_sys/cardImages/GRN/454282/cardimage.png,《ゴルガリのロケット/Golgari Locket》s
https://mtg-jp.com//img_sys/cardImages/GRN/454283/cardimage.png,《イゼットのロケット/Izzet Locket》s
https://mtg-jp.com//img_sys/cardImages/GRN/454284/cardimage.png,《猛り狂う聖像/Rampaging Monument》s
https://mtg-jp.com//img_sys/cardImages/GRN/454285/cardimage.png,《セレズニアのロケット/Selesnya Locket》s
https://mtg-jp.com//img_sys/cardImages/GRN/454286/cardimage.png,《静かな隠し矢/Silent Dart》s
https://mtg-jp.com//img_sys/cardImages/GRN/454287/cardimage.png,《背骨のワンド/Wand of Vertebrae》s
https://mtg-jp.com//img_sys/cardImages/GRN/454288/cardimage.png,《ボロスのギルド門/Boros Guildgate》s
https://mtg-jp.com//img_sys/cardImages/GRN/454289/cardimage.png,《ボロスのギルド門/Boros Guildgate》s
https://mtg-jp.com//img_sys/cardImages/GRN/454290/cardimage.png,《ディミーアのギルド門/Dimir Guildgate》s
https://mtg-jp.com//img_sys/cardImages/GRN/454291/cardimage.png,《ディミーアのギルド門/Dimir Guildgate》s
https://mtg-jp.com//img_sys/cardImages/GRN/454292/cardimage.png,《ギルド門通りの公有地/Gateway Plaza》s
https://mtg-jp.com//img_sys/cardImages/GRN/454293/cardimage.png,《ゴルガリのギルド門/Golgari Guildgate》s
https://mtg-jp.com//img_sys/cardImages/GRN/454294/cardimage.png,《ゴルガリのギルド門/Golgari Guildgate》s
https://mtg-jp.com//img_sys/cardImages/GRN/454295/cardimage.png,《ギルド魔道士の広場/Guildmages' Forum》s
https://mtg-jp.com//img_sys/cardImages/GRN/454296/cardimage.png,《イゼットのギルド門/Izzet Guildgate》s
https://mtg-jp.com//img_sys/cardImages/GRN/454297/cardimage.png,《イゼットのギルド門/Izzet Guildgate》s
https://mtg-jp.com//img_sys/cardImages/GRN/454298/cardimage.png,《草むした墓/Overgrown Tomb》s
https://mtg-jp.com//img_sys/cardImages/GRN/454299/cardimage.png,《聖なる鋳造所/Sacred Foundry》s
https://mtg-jp.com//img_sys/cardImages/GRN/454300/cardimage.png,《セレズニアのギルド門/Selesnya Guildgate》s
https://mtg-jp.com//img_sys/cardImages/GRN/454301/cardimage.png,《セレズニアのギルド門/Selesnya Guildgate》s
https://mtg-jp.com//img_sys/cardImages/GRN/454302/cardimage.png,《蒸気孔/Steam Vents》s
https://mtg-jp.com//img_sys/cardImages/GRN/454303/cardimage.png,《寺院の庭/Temple Garden》s
https://mtg-jp.com//img_sys/cardImages/GRN/454304/cardimage.png,《湿った墓/Watery Grave》s
https://mtg-jp.com//img_sys/cardImages/GRN/455670/cardimage.png,《平地/Plains》s
https://mtg-jp.com//img_sys/cardImages/GRN/455671/cardimage.png,《島/Island》s
https://mtg-jp.com//img_sys/cardImages/GRN/455672/cardimage.png,《沼/Swamp》s
https://mtg-jp.com//img_sys/cardImages/GRN/455673/cardimage.png,《山/Mountain》s
https://mtg-jp.com//img_sys/cardImages/GRN/455674/cardimage.png,《森/Forest》s
