https://mtg-jp.com//img_sys/cardImages/M19/448542/cardimage.png,天界の神盾
https://mtg-jp.com//img_sys/cardImages/M19/448543/cardimage.png,霊気盾の工匠
https://mtg-jp.com//img_sys/cardImages/M19/448544/cardimage.png,暴君への敵対者、アジャニ
https://mtg-jp.com//img_sys/cardImages/M19/448545/cardimage.png,アジャニ最後の抵抗
https://mtg-jp.com//img_sys/cardImages/M19/448546/cardimage.png,アジャニの群れ仲間
https://mtg-jp.com//img_sys/cardImages/M19/448547/cardimage.png,アジャニの歓迎
https://mtg-jp.com//img_sys/cardImages/M19/448548/cardimage.png,暁の天使
https://mtg-jp.com//img_sys/cardImages/M19/448549/cardimage.png,騎兵隊の教練官
https://mtg-jp.com//img_sys/cardImages/M19/448550/cardimage.png,浄化の輝き
https://mtg-jp.com//img_sys/cardImages/M19/448551/cardimage.png,夜明けの司祭
https://mtg-jp.com//img_sys/cardImages/M19/448552/cardimage.png,ドワーフの僧侶
https://mtg-jp.com//img_sys/cardImages/M19/448553/cardimage.png,凛々しい騎兵隊
https://mtg-jp.com//img_sys/cardImages/M19/448554/cardimage.png,信仰の伝令
https://mtg-jp.com//img_sys/cardImages/M19/448555/cardimage.png,秘儀術師の檻
https://mtg-jp.com//img_sys/cardImages/M19/448556/cardimage.png,鼓舞する突撃
https://mtg-jp.com//img_sys/cardImages/M19/448557/cardimage.png,神聖の発動
https://mtg-jp.com//img_sys/cardImages/M19/448558/cardimage.png,疎外
https://mtg-jp.com//img_sys/cardImages/M19/448559/cardimage.png,牙の騎士
https://mtg-jp.com//img_sys/cardImages/M19/448560/cardimage.png,騎士の誓約
https://mtg-jp.com//img_sys/cardImages/M19/448561/cardimage.png,騎士の勇気
https://mtg-jp.com//img_sys/cardImages/M19/448562/cardimage.png,無私の勇者、レナ
https://mtg-jp.com//img_sys/cardImages/M19/448563/cardimage.png,レオニンの先兵
https://mtg-jp.com//img_sys/cardImages/M19/448564/cardimage.png,レオニンの戦導者
https://mtg-jp.com//img_sys/cardImages/M19/448565/cardimage.png,ロクソドンの戦線砕き
https://mtg-jp.com//img_sys/cardImages/M19/448566/cardimage.png,光明の縛め
https://mtg-jp.com//img_sys/cardImages/M19/448567/cardimage.png,抗戦
https://mtg-jp.com//img_sys/cardImages/M19/448568/cardimage.png,弱者の師
https://mtg-jp.com//img_sys/cardImages/M19/448569/cardimage.png,力強い跳躍
https://mtg-jp.com//img_sys/cardImages/M19/448570/cardimage.png,民兵のラッパ手
https://mtg-jp.com//img_sys/cardImages/M19/448571/cardimage.png,新米騎士
https://mtg-jp.com//img_sys/cardImages/M19/448572/cardimage.png,オレスコスの速爪
https://mtg-jp.com//img_sys/cardImages/M19/448573/cardimage.png,ペガサスの駿馬
https://mtg-jp.com//img_sys/cardImages/M19/448574/cardimage.png,悔恨する僧侶
https://mtg-jp.com//img_sys/cardImages/M19/448575/cardimage.png,輝かしい天使
https://mtg-jp.com//img_sys/cardImages/M19/448576/cardimage.png,活力回復
https://mtg-jp.com//img_sys/cardImages/M19/448577/cardimage.png,錆色翼の隼
https://mtg-jp.com//img_sys/cardImages/M19/448578/cardimage.png,防御牝馬
https://mtg-jp.com//img_sys/cardImages/M19/448579/cardimage.png,星冠の雄鹿
https://mtg-jp.com//img_sys/cardImages/M19/448580/cardimage.png,陽光浄化者
https://mtg-jp.com//img_sys/cardImages/M19/448581/cardimage.png,返報
https://mtg-jp.com//img_sys/cardImages/M19/448582/cardimage.png,信頼できる荷役獣
https://mtg-jp.com//img_sys/cardImages/M19/448583/cardimage.png,勇敢な騎士
https://mtg-jp.com//img_sys/cardImages/M19/450398/cardimage.png,賢明な助言者、アジャニ
https://mtg-jp.com//img_sys/cardImages/M19/450399/cardimage.png,アジャニの影響
https://mtg-jp.com//img_sys/cardImages/M19/450400/cardimage.png,宮廷の僧侶
https://mtg-jp.com//img_sys/cardImages/M19/450401/cardimage.png,セラの守護者
https://mtg-jp.com//img_sys/cardImages/M19/450402/cardimage.png,銀嘴のグリフィン
https://mtg-jp.com//img_sys/cardImages/M19/450424/cardimage.png,太陽の歩哨
https://mtg-jp.com//img_sys/cardImages/M19/448584/cardimage.png,霊気トンネル
https://mtg-jp.com//img_sys/cardImages/M19/448585/cardimage.png,予期
https://mtg-jp.com//img_sys/cardImages/M19/448586/cardimage.png,エイヴンの風魔道士
https://mtg-jp.com//img_sys/cardImages/M19/448587/cardimage.png,飛行の先駆者
https://mtg-jp.com//img_sys/cardImages/M19/448588/cardimage.png,骨を灰に
https://mtg-jp.com//img_sys/cardImages/M19/448589/cardimage.png,取り消し
https://mtg-jp.com//img_sys/cardImages/M19/448590/cardimage.png,旅立った甲板員
https://mtg-jp.com//img_sys/cardImages/M19/448591/cardimage.png,分散
https://mtg-jp.com//img_sys/cardImages/M19/448592/cardimage.png,予言
https://mtg-jp.com//img_sys/cardImages/M19/448593/cardimage.png,願いのジン
https://mtg-jp.com//img_sys/cardImages/M19/448594/cardimage.png,萎凋
https://mtg-jp.com//img_sys/cardImages/M19/448595/cardimage.png,本質の散乱
https://mtg-jp.com//img_sys/cardImages/M19/448596/cardimage.png,排斥する魔道士
https://mtg-jp.com//img_sys/cardImages/M19/448597/cardimage.png,大襞海蛇
https://mtg-jp.com//img_sys/cardImages/M19/448598/cardimage.png,機械職人の神童
https://mtg-jp.com//img_sys/cardImages/M19/448599/cardimage.png,幽体化
https://mtg-jp.com//img_sys/cardImages/M19/448600/cardimage.png,地平の識者
https://mtg-jp.com//img_sys/cardImages/M19/448601/cardimage.png,変態変異
https://mtg-jp.com//img_sys/cardImages/M19/448602/cardimage.png,鏡像
https://mtg-jp.com//img_sys/cardImages/M19/448603/cardimage.png,霧の呼び手
https://mtg-jp.com//img_sys/cardImages/M19/448604/cardimage.png,神秘の考古学者
https://mtg-jp.com//img_sys/cardImages/M19/448605/cardimage.png,前兆語り
https://mtg-jp.com//img_sys/cardImages/M19/448606/cardimage.png,全知
https://mtg-jp.com//img_sys/cardImages/M19/448607/cardimage.png,機械と共に
https://mtg-jp.com//img_sys/cardImages/M19/448608/cardimage.png,悠長な再構築
https://mtg-jp.com//img_sys/cardImages/M19/448609/cardimage.png,心理腐食
https://mtg-jp.com//img_sys/cardImages/M19/448610/cardimage.png,練達飛行機械職人、サイ
https://mtg-jp.com//img_sys/cardImages/M19/448611/cardimage.png,秘密の回収者
https://mtg-jp.com//img_sys/cardImages/M19/448612/cardimage.png,星学者
https://mtg-jp.com//img_sys/cardImages/M19/448613/cardimage.png,ふるい分け
https://mtg-jp.com//img_sys/cardImages/M19/448614/cardimage.png,技量ある活性師
https://mtg-jp.com//img_sys/cardImages/M19/448615/cardimage.png,睡眠
https://mtg-jp.com//img_sys/cardImages/M19/448616/cardimage.png,噛みつきドレイク
https://mtg-jp.com//img_sys/cardImages/M19/448617/cardimage.png,至高の幻影
https://mtg-jp.com//img_sys/cardImages/M19/448618/cardimage.png,波濤牝馬
https://mtg-jp.com//img_sys/cardImages/M19/448619/cardimage.png,どんでん返し
https://mtg-jp.com//img_sys/cardImages/M19/448620/cardimage.png,工匠の達人、テゼレット
https://mtg-jp.com//img_sys/cardImages/M19/448621/cardimage.png,トレイリアの学者
https://mtg-jp.com//img_sys/cardImages/M19/448622/cardimage.png,道迷い
https://mtg-jp.com//img_sys/cardImages/M19/448623/cardimage.png,不快な冷気
https://mtg-jp.com//img_sys/cardImages/M19/448624/cardimage.png,霧の壁
https://mtg-jp.com//img_sys/cardImages/M19/448625/cardimage.png,風読みのスフィンクス
https://mtg-jp.com//img_sys/cardImages/M19/450403/cardimage.png,残酷な機械技師、テゼレット
https://mtg-jp.com//img_sys/cardImages/M19/450404/cardimage.png,謎かけ達人スフィンクス
https://mtg-jp.com//img_sys/cardImages/M19/450423/cardimage.png,運命のきずな
https://mtg-jp.com//img_sys/cardImages/M19/450425/cardimage.png,大気の精霊
https://mtg-jp.com//img_sys/cardImages/M19/450426/cardimage.png,混迷
https://mtg-jp.com//img_sys/cardImages/M19/450427/cardimage.png,霧まといの川守り
https://mtg-jp.com//img_sys/cardImages/M19/450428/cardimage.png,水結び
https://mtg-jp.com//img_sys/cardImages/M19/448626/cardimage.png,異様な忍耐
https://mtg-jp.com//img_sys/cardImages/M19/448627/cardimage.png,血占い
https://mtg-jp.com//img_sys/cardImages/M19/448628/cardimage.png,沼踏み
https://mtg-jp.com//img_sys/cardImages/M19/448629/cardimage.png,骨ドラゴン
https://mtg-jp.com//img_sys/cardImages/M19/448630/cardimage.png,夜の子
https://mtg-jp.com//img_sys/cardImages/M19/448631/cardimage.png,死の男爵
https://mtg-jp.com//img_sys/cardImages/M19/448632/cardimage.png,惨劇の悪魔
https://mtg-jp.com//img_sys/cardImages/M19/448633/cardimage.png,戦墓のグール
https://mtg-jp.com//img_sys/cardImages/M19/448634/cardimage.png,悪運尽きた造反者
https://mtg-jp.com//img_sys/cardImages/M19/448635/cardimage.png,強迫
https://mtg-jp.com//img_sys/cardImages/M19/448636/cardimage.png,血の美食家
https://mtg-jp.com//img_sys/cardImages/M19/448637/cardimage.png,不吉な死霊
https://mtg-jp.com//img_sys/cardImages/M19/448638/cardimage.png,消耗した全能
https://mtg-jp.com//img_sys/cardImages/M19/448639/cardimage.png,グレイブディガー
https://mtg-jp.com//img_sys/cardImages/M19/448640/cardimage.png,墓地の司令官
https://mtg-jp.com//img_sys/cardImages/M19/448641/cardimage.png,雇われ刺客
https://mtg-jp.com//img_sys/cardImages/M19/448642/cardimage.png,感染性の恐怖
https://mtg-jp.com//img_sys/cardImages/M19/448643/cardimage.png,冥府の報い
https://mtg-jp.com//img_sys/cardImages/M19/448644/cardimage.png,冥府の傷跡
https://mtg-jp.com//img_sys/cardImages/M19/448645/cardimage.png,呼び覚ます者イザレス
https://mtg-jp.com//img_sys/cardImages/M19/448646/cardimage.png,リッチの愛撫
https://mtg-jp.com//img_sys/cardImages/M19/448647/cardimage.png,死が触れぬ者、リリアナ
https://mtg-jp.com//img_sys/cardImages/M19/448648/cardimage.png,リリアナの契約
https://mtg-jp.com//img_sys/cardImages/M19/448649/cardimage.png,死の円舞曲
https://mtg-jp.com//img_sys/cardImages/M19/448650/cardimage.png,精神腐敗
https://mtg-jp.com//img_sys/cardImages/M19/448651/cardimage.png,殺害
https://mtg-jp.com//img_sys/cardImages/M19/448652/cardimage.png,悪夢の渇望
https://mtg-jp.com//img_sys/cardImages/M19/448653/cardimage.png,墓地解放
https://mtg-jp.com//img_sys/cardImages/M19/448654/cardimage.png,聖句札の死者
https://mtg-jp.com//img_sys/cardImages/M19/448655/cardimage.png,疫病牝馬
https://mtg-jp.com//img_sys/cardImages/M19/448656/cardimage.png,貪欲なハーピー
https://mtg-jp.com//img_sys/cardImages/M19/448657/cardimage.png,組み直しの骸骨
https://mtg-jp.com//img_sys/cardImages/M19/448658/cardimage.png,墓場からの復活
https://mtg-jp.com//img_sys/cardImages/M19/448659/cardimage.png,骸骨射手
https://mtg-jp.com//img_sys/cardImages/M19/448660/cardimage.png,流血の空渡り
https://mtg-jp.com//img_sys/cardImages/M19/448661/cardimage.png,君主の一噛み
https://mtg-jp.com//img_sys/cardImages/M19/448662/cardimage.png,縫い師への供給者
https://mtg-jp.com//img_sys/cardImages/M19/448663/cardimage.png,束縛の胞子
https://mtg-jp.com//img_sys/cardImages/M19/448664/cardimage.png,双頭ゾンビ
https://mtg-jp.com//img_sys/cardImages/M19/448665/cardimage.png,吸血鬼の新生子
https://mtg-jp.com//img_sys/cardImages/M19/448666/cardimage.png,吸血鬼の君主
https://mtg-jp.com//img_sys/cardImages/M19/448667/cardimage.png,歩く死骸
https://mtg-jp.com//img_sys/cardImages/M19/450408/cardimage.png,屍術師、リリアナ
https://mtg-jp.com//img_sys/cardImages/M19/450409/cardimage.png,甦ったゴルゴン
https://mtg-jp.com//img_sys/cardImages/M19/450410/cardimage.png,墓起こし
https://mtg-jp.com//img_sys/cardImages/M19/450411/cardimage.png,リリアナの餌食
https://mtg-jp.com//img_sys/cardImages/M19/450412/cardimage.png,ぼろぼろのミイラ
https://mtg-jp.com//img_sys/cardImages/M19/450429/cardimage.png,欲深い悪漢
https://mtg-jp.com//img_sys/cardImages/M19/448668/cardimage.png,反逆の行動
https://mtg-jp.com//img_sys/cardImages/M19/448669/cardimage.png,高山の月
https://mtg-jp.com//img_sys/cardImages/M19/448670/cardimage.png,力の頂点
https://mtg-jp.com//img_sys/cardImages/M19/448671/cardimage.png,苦悩火
https://mtg-jp.com//img_sys/cardImages/M19/448672/cardimage.png,ボガートの粗暴者
https://mtg-jp.com//img_sys/cardImages/M19/448673/cardimage.png,触媒の精霊
https://mtg-jp.com//img_sys/cardImages/M19/448674/cardimage.png,突破
https://mtg-jp.com//img_sys/cardImages/M19/448675/cardimage.png,闇住まいの神託者
https://mtg-jp.com//img_sys/cardImages/M19/448676/cardimage.png,厄介なドラゴン
https://mtg-jp.com//img_sys/cardImages/M19/448677/cardimage.png,放逐紅蓮術師
https://mtg-jp.com//img_sys/cardImages/M19/448678/cardimage.png,二倍詠唱
https://mtg-jp.com//img_sys/cardImages/M19/448679/cardimage.png,ドラゴンの卵
https://mtg-jp.com//img_sys/cardImages/M19/448680/cardimage.png,感電
https://mtg-jp.com//img_sys/cardImages/M19/448681/cardimage.png,焦熱の決着
https://mtg-jp.com//img_sys/cardImages/M19/448682/cardimage.png,炎の精霊
https://mtg-jp.com//img_sys/cardImages/M19/448683/cardimage.png,ゴブリンの扇動者
https://mtg-jp.com//img_sys/cardImages/M19/448684/cardimage.png,ゴブリンの激励者
https://mtg-jp.com//img_sys/cardImages/M19/448685/cardimage.png,ゴブリンの損壊名手
https://mtg-jp.com//img_sys/cardImages/M19/448686/cardimage.png,どぶ潜み
https://mtg-jp.com//img_sys/cardImages/M19/448687/cardimage.png,騒乱の悪魔
https://mtg-jp.com//img_sys/cardImages/M19/448688/cardimage.png,敵意あるミノタウルス
https://mtg-jp.com//img_sys/cardImages/M19/448689/cardimage.png,業火のヘリオン
https://mtg-jp.com//img_sys/cardImages/M19/448690/cardimage.png,ドラゴンの女王、ラスリス
https://mtg-jp.com//img_sys/cardImages/M19/448691/cardimage.png,溶岩の斧
https://mtg-jp.com//img_sys/cardImages/M19/448692/cardimage.png,稲妻牝馬
https://mtg-jp.com//img_sys/cardImages/M19/448693/cardimage.png,稲妻の一撃
https://mtg-jp.com//img_sys/cardImages/M19/448694/cardimage.png,オナッケのオーガ
https://mtg-jp.com//img_sys/cardImages/M19/448695/cardimage.png,火の血脈、サルカン
https://mtg-jp.com//img_sys/cardImages/M19/448696/cardimage.png,サルカンの封印破り
https://mtg-jp.com//img_sys/cardImages/M19/448697/cardimage.png,ショック
https://mtg-jp.com//img_sys/cardImages/M19/448698/cardimage.png,包囲破りの巨人
https://mtg-jp.com//img_sys/cardImages/M19/448699/cardimage.png,溶解
https://mtg-jp.com//img_sys/cardImages/M19/448700/cardimage.png,電光吠えのドラゴン
https://mtg-jp.com//img_sys/cardImages/M19/448701/cardimage.png,吐炎
https://mtg-jp.com//img_sys/cardImages/M19/448702/cardimage.png,確実な一撃
https://mtg-jp.com//img_sys/cardImages/M19/448703/cardimage.png,地盤の裂け目
https://mtg-jp.com//img_sys/cardImages/M19/448704/cardimage.png,ドスン
https://mtg-jp.com//img_sys/cardImages/M19/448705/cardimage.png,苦しめる声
https://mtg-jp.com//img_sys/cardImages/M19/448706/cardimage.png,ラッパの一吹き
https://mtg-jp.com//img_sys/cardImages/M19/448707/cardimage.png,ヴィーアシーノの紅蓮術師
https://mtg-jp.com//img_sys/cardImages/M19/448708/cardimage.png,火山のドラゴン
https://mtg-jp.com//img_sys/cardImages/M19/448709/cardimage.png,斉射の古参兵
https://mtg-jp.com//img_sys/cardImages/M19/450413/cardimage.png,龍魂、サルカン
https://mtg-jp.com//img_sys/cardImages/M19/450414/cardimage.png,カルガの竜騎兵
https://mtg-jp.com//img_sys/cardImages/M19/450415/cardimage.png,サルカンの竜火
https://mtg-jp.com//img_sys/cardImages/M19/450416/cardimage.png,サルカンの仔竜
https://mtg-jp.com//img_sys/cardImages/M19/450417/cardimage.png,シヴ山のドラゴン
https://mtg-jp.com//img_sys/cardImages/M19/450430/cardimage.png,放射稲妻
https://mtg-jp.com//img_sys/cardImages/M19/448710/cardimage.png,ブランチウッドの鎧
https://mtg-jp.com//img_sys/cardImages/M19/448711/cardimage.png,逆毛の猪
https://mtg-jp.com//img_sys/cardImages/M19/448712/cardimage.png,ケンタウルスの狩猟者
https://mtg-jp.com//img_sys/cardImages/M19/448713/cardimage.png,巨大な戦慄大口
https://mtg-jp.com//img_sys/cardImages/M19/448714/cardimage.png,巨大な威厳
https://mtg-jp.com//img_sys/cardImages/M19/448715/cardimage.png,短刀背のバジリスク
https://mtg-jp.com//img_sys/cardImages/M19/448716/cardimage.png,優位宣言
https://mtg-jp.com//img_sys/cardImages/M19/448717/cardimage.png,角のドルイド
https://mtg-jp.com//img_sys/cardImages/M19/448718/cardimage.png,僧帽地帯のドルイド
https://mtg-jp.com//img_sys/cardImages/M19/448719/cardimage.png,緑探しのドライアド
https://mtg-jp.com//img_sys/cardImages/M19/448720/cardimage.png,エルフの部族呼び
https://mtg-jp.com//img_sys/cardImages/M19/448721/cardimage.png,エルフの再生者
https://mtg-jp.com//img_sys/cardImages/M19/448722/cardimage.png,恐吠の双子
https://mtg-jp.com//img_sys/cardImages/M19/448723/cardimage.png,ギラプールの案内人
https://mtg-jp.com//img_sys/cardImages/M19/448724/cardimage.png,大蜘蛛
https://mtg-jp.com//img_sys/cardImages/M19/448725/cardimage.png,楽園の贈り物
https://mtg-jp.com//img_sys/cardImages/M19/448726/cardimage.png,ギガントサウルス
https://mtg-jp.com//img_sys/cardImages/M19/448727/cardimage.png,カル・シスマの恐怖、殺し爪
https://mtg-jp.com//img_sys/cardImages/M19/448728/cardimage.png,緑林の歩哨
https://mtg-jp.com//img_sys/cardImages/M19/448729/cardimage.png,高地の獲物
https://mtg-jp.com//img_sys/cardImages/M19/448730/cardimage.png,飢餓ハイドラ
https://mtg-jp.com//img_sys/cardImages/M19/448731/cardimage.png,帰化
https://mtg-jp.com//img_sys/cardImages/M19/448732/cardimage.png,樫変化
https://mtg-jp.com//img_sys/cardImages/M19/448733/cardimage.png,ペラッカのワーム
https://mtg-jp.com//img_sys/cardImages/M19/448734/cardimage.png,垂直落下
https://mtg-jp.com//img_sys/cardImages/M19/448735/cardimage.png,驚異的成長
https://mtg-jp.com//img_sys/cardImages/M19/448736/cardimage.png,狂気の一咬み
https://mtg-jp.com//img_sys/cardImages/M19/448737/cardimage.png,再利用の賢者
https://mtg-jp.com//img_sys/cardImages/M19/448738/cardimage.png,喚起
https://mtg-jp.com//img_sys/cardImages/M19/448739/cardimage.png,ロウクスの神託者
https://mtg-jp.com//img_sys/cardImages/M19/448740/cardimage.png,根の罠
https://mtg-jp.com//img_sys/cardImages/M19/448741/cardimage.png,秘紋のアルマサウルス
https://mtg-jp.com//img_sys/cardImages/M19/448742/cardimage.png,風景の変容
https://mtg-jp.com//img_sys/cardImages/M19/448743/cardimage.png,野生林の鉤爪
https://mtg-jp.com//img_sys/cardImages/M19/448744/cardimage.png,茨の副官
https://mtg-jp.com//img_sys/cardImages/M19/448745/cardimage.png,茨隠れの狼
https://mtg-jp.com//img_sys/cardImages/M19/448746/cardimage.png,剛力化
https://mtg-jp.com//img_sys/cardImages/M19/448747/cardimage.png,用心深いベイロス
https://mtg-jp.com//img_sys/cardImages/M19/448748/cardimage.png,蔦草牝馬
https://mtg-jp.com//img_sys/cardImages/M19/448749/cardimage.png,ビビアン・リード
https://mtg-jp.com//img_sys/cardImages/M19/448750/cardimage.png,ビビアンの召致
https://mtg-jp.com//img_sys/cardImages/M19/448751/cardimage.png,蔦の壁
https://mtg-jp.com//img_sys/cardImages/M19/450418/cardimage.png,アーク弓のビビアン
https://mtg-jp.com//img_sys/cardImages/M19/450419/cardimage.png,攻撃的なマンモス
https://mtg-jp.com//img_sys/cardImages/M19/450420/cardimage.png,スカラ狼
https://mtg-jp.com//img_sys/cardImages/M19/450421/cardimage.png,熊のチャンピオン
https://mtg-jp.com//img_sys/cardImages/M19/450422/cardimage.png,ビビアンのジャガー
https://mtg-jp.com//img_sys/cardImages/M19/450431/cardimage.png,ラノワールのエルフ
https://mtg-jp.com//img_sys/cardImages/M19/448752/cardimage.png,空の技師
https://mtg-jp.com//img_sys/cardImages/M19/448753/cardimage.png,策略の龍、アルカデス
https://mtg-jp.com//img_sys/cardImages/M19/448754/cardimage.png,殴りつけるオーガ
https://mtg-jp.com//img_sys/cardImages/M19/448755/cardimage.png,変遷の龍、クロミウム
https://mtg-jp.com//img_sys/cardImages/M19/448756/cardimage.png,ドラゴンの信奉者
https://mtg-jp.com//img_sys/cardImages/M19/448757/cardimage.png,奇怪なドレイク
https://mtg-jp.com//img_sys/cardImages/M19/448758/cardimage.png,英雄的援軍
https://mtg-jp.com//img_sys/cardImages/M19/448761/cardimage.png,殲滅の龍、パラディア＝モルス
https://mtg-jp.com//img_sys/cardImages/M19/448762/cardimage.png,毒矢尻の射手
https://mtg-jp.com//img_sys/cardImages/M19/448763/cardimage.png,心理共生体
https://mtg-jp.com//img_sys/cardImages/M19/448764/cardimage.png,威厳ある血王
https://mtg-jp.com//img_sys/cardImages/M19/448765/cardimage.png,サテュロスの結界師
https://mtg-jp.com//img_sys/cardImages/M19/448766/cardimage.png,空乗りの巡回兵
https://mtg-jp.com//img_sys/cardImages/M19/448767/cardimage.png,暴虐の龍、アスマディ
https://mtg-jp.com//img_sys/cardImages/M19/448768/cardimage.png,安全の護符
https://mtg-jp.com//img_sys/cardImages/M19/448769/cardimage.png,秘儀大全
https://mtg-jp.com//img_sys/cardImages/M19/448770/cardimage.png,混沌のワンド
https://mtg-jp.com//img_sys/cardImages/M19/448771/cardimage.png,世界のるつぼ
https://mtg-jp.com//img_sys/cardImages/M19/448772/cardimage.png,冒涜された墓所
https://mtg-jp.com//img_sys/cardImages/M19/448773/cardimage.png,金剛牝馬
https://mtg-jp.com//img_sys/cardImages/M19/448774/cardimage.png,ドラゴンの財宝
https://mtg-jp.com//img_sys/cardImages/M19/448775/cardimage.png,爆発性の機器
https://mtg-jp.com//img_sys/cardImages/M19/448776/cardimage.png,耕地這い
https://mtg-jp.com//img_sys/cardImages/M19/448777/cardimage.png,更生の泉
https://mtg-jp.com//img_sys/cardImages/M19/448778/cardimage.png,ガーゴイルの歩哨
https://mtg-jp.com//img_sys/cardImages/M19/448779/cardimage.png,機械職人の守護者
https://mtg-jp.com//img_sys/cardImages/M19/448780/cardimage.png,市長の笏
https://mtg-jp.com//img_sys/cardImages/M19/448781/cardimage.png,マナリス
https://mtg-jp.com//img_sys/cardImages/M19/448782/cardimage.png,匪賊の斧
https://mtg-jp.com//img_sys/cardImages/M19/448783/cardimage.png,隕石ゴーレム
https://mtg-jp.com//img_sys/cardImages/M19/448784/cardimage.png,石臼
https://mtg-jp.com//img_sys/cardImages/M19/448785/cardimage.png,ならず者の手袋
https://mtg-jp.com//img_sys/cardImages/M19/448786/cardimage.png,ヴァレロンの有印剣
https://mtg-jp.com//img_sys/cardImages/M19/448787/cardimage.png,空中走査器
https://mtg-jp.com//img_sys/cardImages/M19/448788/cardimage.png,怪しげな書架
https://mtg-jp.com//img_sys/cardImages/M19/448789/cardimage.png,異形化するワンド
https://mtg-jp.com//img_sys/cardImages/M19/450405/cardimage.png,霊紋の振り子
https://mtg-jp.com//img_sys/cardImages/M19/450406/cardimage.png,テゼレットの門破り
https://mtg-jp.com//img_sys/cardImages/M19/450407/cardimage.png,テゼレットの徘徊者
https://mtg-jp.com//img_sys/cardImages/M19/448790/cardimage.png,燃え殻の痩せ地
https://mtg-jp.com//img_sys/cardImages/M19/448791/cardimage.png,探知の塔
https://mtg-jp.com//img_sys/cardImages/M19/448792/cardimage.png,放棄された聖域
https://mtg-jp.com//img_sys/cardImages/M19/448793/cardimage.png,穢れた果樹園
https://mtg-jp.com//img_sys/cardImages/M19/448794/cardimage.png,高地の湖
https://mtg-jp.com//img_sys/cardImages/M19/448795/cardimage.png,曲がりくねる川
https://mtg-jp.com//img_sys/cardImages/M19/448796/cardimage.png,聖遺の塔
https://mtg-jp.com//img_sys/cardImages/M19/448797/cardimage.png,断ち割る尖塔
https://mtg-jp.com//img_sys/cardImages/M19/448798/cardimage.png,採石場
https://mtg-jp.com//img_sys/cardImages/M19/448799/cardimage.png,水没した骨塚
https://mtg-jp.com//img_sys/cardImages/M19/448800/cardimage.png,森林の地溝
https://mtg-jp.com//img_sys/cardImages/M19/448801/cardimage.png,平穏なる広野
https://mtg-jp.com//img_sys/cardImages/M19/448802/cardimage.png,森林地の小川
https://mtg-jp.com//img_sys/cardImages/M19/448803/cardimage.png,平地
https://mtg-jp.com//img_sys/cardImages/M19/448804/cardimage.png,平地
https://mtg-jp.com//img_sys/cardImages/M19/448805/cardimage.png,平地
https://mtg-jp.com//img_sys/cardImages/M19/448806/cardimage.png,平地
https://mtg-jp.com//img_sys/cardImages/M19/448807/cardimage.png,島
https://mtg-jp.com//img_sys/cardImages/M19/448808/cardimage.png,島
https://mtg-jp.com//img_sys/cardImages/M19/448809/cardimage.png,島
https://mtg-jp.com//img_sys/cardImages/M19/448810/cardimage.png,島
https://mtg-jp.com//img_sys/cardImages/M19/448811/cardimage.png,沼
https://mtg-jp.com//img_sys/cardImages/M19/448812/cardimage.png,沼
https://mtg-jp.com//img_sys/cardImages/M19/448813/cardimage.png,沼
https://mtg-jp.com//img_sys/cardImages/M19/448814/cardimage.png,沼
https://mtg-jp.com//img_sys/cardImages/M19/448815/cardimage.png,山
https://mtg-jp.com//img_sys/cardImages/M19/448816/cardimage.png,山
https://mtg-jp.com//img_sys/cardImages/M19/448817/cardimage.png,山
https://mtg-jp.com//img_sys/cardImages/M19/448818/cardimage.png,山
https://mtg-jp.com//img_sys/cardImages/M19/448819/cardimage.png,森
https://mtg-jp.com//img_sys/cardImages/M19/448820/cardimage.png,森
https://mtg-jp.com//img_sys/cardImages/M19/448821/cardimage.png,森
https://mtg-jp.com//img_sys/cardImages/M19/448822/cardimage.png,森
