https://mtg-jp.com//img_sys/cardImages/RNA/458440/cardimage.png,恩寵の天使
https://mtg-jp.com//img_sys/cardImages/RNA/458441/cardimage.png,天使の称賛
https://mtg-jp.com//img_sys/cardImages/RNA/458442/cardimage.png,アーチ道の天使
https://mtg-jp.com//img_sys/cardImages/RNA/458443/cardimage.png,拘引者の熱情
https://mtg-jp.com//img_sys/cardImages/RNA/458444/cardimage.png,公判への移送
https://mtg-jp.com//img_sys/cardImages/RNA/458445/cardimage.png,護民官の重鎮
https://mtg-jp.com//img_sys/cardImages/RNA/458446/cardimage.png,協約のペガサス
https://mtg-jp.com//img_sys/cardImages/RNA/458447/cardimage.png,日晒し
https://mtg-jp.com//img_sys/cardImages/RNA/458448/cardimage.png,立ちふさがる霊
https://mtg-jp.com//img_sys/cardImages/RNA/458449/cardimage.png,ハズダーの士官
https://mtg-jp.com//img_sys/cardImages/RNA/458450/cardimage.png,第１管区の勇士
https://mtg-jp.com//img_sys/cardImages/RNA/458451/cardimage.png,情熱的な扇動者
https://mtg-jp.com//img_sys/cardImages/RNA/458452/cardimage.png,大司法官の扉
https://mtg-jp.com//img_sys/cardImages/RNA/458453/cardimage.png,悲しみの騎士
https://mtg-jp.com//img_sys/cardImages/RNA/458454/cardimage.png,のし歩く城塁
https://mtg-jp.com//img_sys/cardImages/RNA/458455/cardimage.png,債務の聖職者
https://mtg-jp.com//img_sys/cardImages/RNA/458456/cardimage.png,うろつくカラカル
https://mtg-jp.com//img_sys/cardImages/RNA/458457/cardimage.png,戦いへの結集
https://mtg-jp.com//img_sys/cardImages/RNA/458458/cardimage.png,毅然たる番犬
https://mtg-jp.com//img_sys/cardImages/RNA/458459/cardimage.png,歩哨の印
https://mtg-jp.com//img_sys/cardImages/RNA/458460/cardimage.png,空の縛め
https://mtg-jp.com//img_sys/cardImages/RNA/458461/cardimage.png,息詰まる徴税
https://mtg-jp.com//img_sys/cardImages/RNA/458462/cardimage.png,尖塔の霊
https://mtg-jp.com//img_sys/cardImages/RNA/458463/cardimage.png,略式判決
https://mtg-jp.com//img_sys/cardImages/RNA/458464/cardimage.png,組織の伝書使
https://mtg-jp.com//img_sys/cardImages/RNA/458465/cardimage.png,第10管区の古参兵
https://mtg-jp.com//img_sys/cardImages/RNA/458466/cardimage.png,徴税人
https://mtg-jp.com//img_sys/cardImages/RNA/458467/cardimage.png,黄昏の豹
https://mtg-jp.com//img_sys/cardImages/RNA/458468/cardimage.png,不敗の陣形
https://mtg-jp.com//img_sys/cardImages/RNA/458469/cardimage.png,用心深い巨人
https://mtg-jp.com//img_sys/cardImages/RNA/460070/cardimage.png,精鋭拘引者
https://mtg-jp.com//img_sys/cardImages/RNA/458470/cardimage.png,拘引者の忠告
https://mtg-jp.com//img_sys/cardImages/RNA/458471/cardimage.png,水底の生術師
https://mtg-jp.com//img_sys/cardImages/RNA/458472/cardimage.png,冷気をもたらす者
https://mtg-jp.com//img_sys/cardImages/RNA/458473/cardimage.png,精神純化
https://mtg-jp.com//img_sys/cardImages/RNA/458474/cardimage.png,制動規範
https://mtg-jp.com//img_sys/cardImages/RNA/458475/cardimage.png,珊瑚の猛士
https://mtg-jp.com//img_sys/cardImages/RNA/458476/cardimage.png,本質の把捉
https://mtg-jp.com//img_sys/cardImages/RNA/458477/cardimage.png,一面の視線
https://mtg-jp.com//img_sys/cardImages/RNA/458478/cardimage.png,フェアリーの決闘者
https://mtg-jp.com//img_sys/cardImages/RNA/458479/cardimage.png,門道の密行者
https://mtg-jp.com//img_sys/cardImages/RNA/458480/cardimage.png,大ムンクルス
https://mtg-jp.com//img_sys/cardImages/RNA/458481/cardimage.png,集団強制
https://mtg-jp.com//img_sys/cardImages/RNA/458482/cardimage.png,眩惑する水底種
https://mtg-jp.com//img_sys/cardImages/RNA/458483/cardimage.png,しつこい請願者
https://mtg-jp.com//img_sys/cardImages/RNA/458484/cardimage.png,予知覚
https://mtg-jp.com//img_sys/cardImages/RNA/458485/cardimage.png,詮索の目
https://mtg-jp.com//img_sys/cardImages/RNA/458486/cardimage.png,プテラマンダー
https://mtg-jp.com//img_sys/cardImages/RNA/458487/cardimage.png,火消し
https://mtg-jp.com//img_sys/cardImages/RNA/458488/cardimage.png,賢者街の学者
https://mtg-jp.com//img_sys/cardImages/RNA/458489/cardimage.png,評議会の急使
https://mtg-jp.com//img_sys/cardImages/RNA/458490/cardimage.png,可能性の揺らぎ
https://mtg-jp.com//img_sys/cardImages/RNA/458491/cardimage.png,エイ翼のスパイ
https://mtg-jp.com//img_sys/cardImages/RNA/458492/cardimage.png,速足ウツボ
https://mtg-jp.com//img_sys/cardImages/RNA/458493/cardimage.png,スライム縛り
https://mtg-jp.com//img_sys/cardImages/RNA/458494/cardimage.png,予見のスフィンクス
https://mtg-jp.com//img_sys/cardImages/RNA/458495/cardimage.png,渦巻く激流
https://mtg-jp.com//img_sys/cardImages/RNA/458496/cardimage.png,思考崩壊
https://mtg-jp.com//img_sys/cardImages/RNA/458497/cardimage.png,真理の円
https://mtg-jp.com//img_sys/cardImages/RNA/458498/cardimage.png,迷える思考の壁
https://mtg-jp.com//img_sys/cardImages/RNA/458499/cardimage.png,暴風のドレイク
https://mtg-jp.com//img_sys/cardImages/RNA/458500/cardimage.png,往時軍の覚醒
https://mtg-jp.com//img_sys/cardImages/RNA/458501/cardimage.png,血液破綻
https://mtg-jp.com//img_sys/cardImages/RNA/458502/cardimage.png,刃の曲芸人
https://mtg-jp.com//img_sys/cardImages/RNA/458503/cardimage.png,焼印刃
https://mtg-jp.com//img_sys/cardImages/RNA/458504/cardimage.png,血霧の潜入者
https://mtg-jp.com//img_sys/cardImages/RNA/458505/cardimage.png,屍肉インプ
https://mtg-jp.com//img_sys/cardImages/RNA/458506/cardimage.png,地下墓地のクロコダイル
https://mtg-jp.com//img_sys/cardImages/RNA/458507/cardimage.png,舞台一掃
https://mtg-jp.com//img_sys/cardImages/RNA/458508/cardimage.png,奈落への放逐
https://mtg-jp.com//img_sys/cardImages/RNA/458509/cardimage.png,肉儀場の叫び
https://mtg-jp.com//img_sys/cardImages/RNA/458510/cardimage.png,死の歓楽
https://mtg-jp.com//img_sys/cardImages/RNA/458511/cardimage.png,債務者の輸送
https://mtg-jp.com//img_sys/cardImages/RNA/458512/cardimage.png,ドリルビット
https://mtg-jp.com//img_sys/cardImages/RNA/458513/cardimage.png,苦悶の泉
https://mtg-jp.com//img_sys/cardImages/RNA/458514/cardimage.png,奇怪な死
https://mtg-jp.com//img_sys/cardImages/RNA/458515/cardimage.png,どぶ骨
https://mtg-jp.com//img_sys/cardImages/RNA/458516/cardimage.png,不正相続
https://mtg-jp.com//img_sys/cardImages/RNA/458517/cardimage.png,有毒グルーディオン
https://mtg-jp.com//img_sys/cardImages/RNA/458518/cardimage.png,オルゾフの処罰者
https://mtg-jp.com//img_sys/cardImages/RNA/458519/cardimage.png,オルゾフの強請り屋
https://mtg-jp.com//img_sys/cardImages/RNA/458520/cardimage.png,死に到る霊
https://mtg-jp.com//img_sys/cardImages/RNA/458521/cardimage.png,疫病ワイト
https://mtg-jp.com//img_sys/cardImages/RNA/458522/cardimage.png,忘れられた神々の僧侶
https://mtg-jp.com//img_sys/cardImages/RNA/458523/cardimage.png,ラクドスのラッパ吹き
https://mtg-jp.com//img_sys/cardImages/RNA/458524/cardimage.png,騒乱の落とし子
https://mtg-jp.com//img_sys/cardImages/RNA/458525/cardimage.png,尖塔の刻み虫
https://mtg-jp.com//img_sys/cardImages/RNA/458526/cardimage.png,血に飢えた影
https://mtg-jp.com//img_sys/cardImages/RNA/458527/cardimage.png,地底街のゴミあさり
https://mtg-jp.com//img_sys/cardImages/RNA/458528/cardimage.png,地底街の抱擁
https://mtg-jp.com//img_sys/cardImages/RNA/458529/cardimage.png,執念深い吸血鬼
https://mtg-jp.com//img_sys/cardImages/RNA/460077/cardimage.png,高塔の憑依者
https://mtg-jp.com//img_sys/cardImages/RNA/458530/cardimage.png,反逆の行動
https://mtg-jp.com//img_sys/cardImages/RNA/458531/cardimage.png,倍火
https://mtg-jp.com//img_sys/cardImages/RNA/458532/cardimage.png,燃えさかる炎
https://mtg-jp.com//img_sys/cardImages/RNA/458533/cardimage.png,炎樹族の蛮人
https://mtg-jp.com//img_sys/cardImages/RNA/458534/cardimage.png,災厄の行進
https://mtg-jp.com//img_sys/cardImages/RNA/458535/cardimage.png,騒がしいシャーマン
https://mtg-jp.com//img_sys/cardImages/RNA/458536/cardimage.png,短剣使い
https://mtg-jp.com//img_sys/cardImages/RNA/458537/cardimage.png,摩損
https://mtg-jp.com//img_sys/cardImages/RNA/458538/cardimage.png,雷電支配
https://mtg-jp.com//img_sys/cardImages/RNA/458539/cardimage.png,野生のマーカ
https://mtg-jp.com//img_sys/cardImages/RNA/458540/cardimage.png,猪の祟神の炎
https://mtg-jp.com//img_sys/cardImages/RNA/458541/cardimage.png,燃え立つ門
https://mtg-jp.com//img_sys/cardImages/RNA/458542/cardimage.png,ゴーア族の破壊者
https://mtg-jp.com//img_sys/cardImages/RNA/458543/cardimage.png,ゴブリンの集会
https://mtg-jp.com//img_sys/cardImages/RNA/458544/cardimage.png,砂利皮のゴブリン
https://mtg-jp.com//img_sys/cardImages/RNA/458545/cardimage.png,焼身のシャーマン
https://mtg-jp.com//img_sys/cardImages/RNA/458546/cardimage.png,舞台照らし
https://mtg-jp.com//img_sys/cardImages/RNA/458547/cardimage.png,鏡の行進
https://mtg-jp.com//img_sys/cardImages/RNA/458548/cardimage.png,リックス・マーディの歓楽者
https://mtg-jp.com//img_sys/cardImages/RNA/458549/cardimage.png,瓦礫読み
https://mtg-jp.com//img_sys/cardImages/RNA/458550/cardimage.png,瓦礫帯の世捨て人
https://mtg-jp.com//img_sys/cardImages/RNA/458551/cardimage.png,轟く遺跡
https://mtg-jp.com//img_sys/cardImages/RNA/458552/cardimage.png,焦印
https://mtg-jp.com//img_sys/cardImages/RNA/458553/cardimage.png,スカルガンのヘルカイト
https://mtg-jp.com//img_sys/cardImages/RNA/458554/cardimage.png,批判家刺殺
https://mtg-jp.com//img_sys/cardImages/RNA/458555/cardimage.png,溶解区のイグナス
https://mtg-jp.com//img_sys/cardImages/RNA/458556/cardimage.png,槍播き
https://mtg-jp.com//img_sys/cardImages/RNA/458557/cardimage.png,棘輪の曲芸
https://mtg-jp.com//img_sys/cardImages/RNA/458558/cardimage.png,嵐の一撃
https://mtg-jp.com//img_sys/cardImages/RNA/458559/cardimage.png,ブリキ通りの身かわし
https://mtg-jp.com//img_sys/cardImages/RNA/460074/cardimage.png,怒り火
https://mtg-jp.com//img_sys/cardImages/RNA/458560/cardimage.png,斧折りの獣
https://mtg-jp.com//img_sys/cardImages/RNA/458561/cardimage.png,生体性軟泥
https://mtg-jp.com//img_sys/cardImages/RNA/458562/cardimage.png,生体性改造
https://mtg-jp.com//img_sys/cardImages/RNA/458563/cardimage.png,終末の祟りの先陣
https://mtg-jp.com//img_sys/cardImages/RNA/458564/cardimage.png,激昂した角獣
https://mtg-jp.com//img_sys/cardImages/RNA/458565/cardimage.png,門破りの雄羊
https://mtg-jp.com//img_sys/cardImages/RNA/458566/cardimage.png,活力の贈り物
https://mtg-jp.com//img_sys/cardImages/RNA/458567/cardimage.png,成長室の守護者
https://mtg-jp.com//img_sys/cardImages/RNA/458568/cardimage.png,グルールの獣使い
https://mtg-jp.com//img_sys/cardImages/RNA/458569/cardimage.png,守護者計画
https://mtg-jp.com//img_sys/cardImages/RNA/458570/cardimage.png,培養ドルイド
https://mtg-jp.com//img_sys/cardImages/RNA/458571/cardimage.png,マンモスグモ
https://mtg-jp.com//img_sys/cardImages/RNA/458572/cardimage.png,開門
https://mtg-jp.com//img_sys/cardImages/RNA/458573/cardimage.png,一族の暴行
https://mtg-jp.com//img_sys/cardImages/RNA/458574/cardimage.png,暴れ回る裂き角
https://mtg-jp.com//img_sys/cardImages/RNA/458575/cardimage.png,再発生
https://mtg-jp.com//img_sys/cardImages/RNA/458576/cardimage.png,根の罠
https://mtg-jp.com//img_sys/cardImages/RNA/458577/cardimage.png,鋭射手の斉射
https://mtg-jp.com//img_sys/cardImages/RNA/458578/cardimage.png,サルーリの世話人
https://mtg-jp.com//img_sys/cardImages/RNA/458579/cardimage.png,トカゲ体の混種
https://mtg-jp.com//img_sys/cardImages/RNA/458580/cardimage.png,シラナの道探し
https://mtg-jp.com//img_sys/cardImages/RNA/458581/cardimage.png,尖塔に忍び寄るもの
https://mtg-jp.com//img_sys/cardImages/RNA/458582/cardimage.png,石のような強さ
https://mtg-jp.com//img_sys/cardImages/RNA/458583/cardimage.png,森の刷毛履き
https://mtg-jp.com//img_sys/cardImages/RNA/458584/cardimage.png,縄張り持ちの猪
https://mtg-jp.com//img_sys/cardImages/RNA/458585/cardimage.png,剛力の殴り合い
https://mtg-jp.com//img_sys/cardImages/RNA/458586/cardimage.png,塔の防衛
https://mtg-jp.com//img_sys/cardImages/RNA/458587/cardimage.png,トロール種の守護者
https://mtg-jp.com//img_sys/cardImages/RNA/458588/cardimage.png,荒野の再生
https://mtg-jp.com//img_sys/cardImages/RNA/458589/cardimage.png,破壊獣
https://mtg-jp.com//img_sys/cardImages/RNA/458590/cardimage.png,吸収
https://mtg-jp.com//img_sys/cardImages/RNA/458591/cardimage.png,エアロムンクルス
https://mtg-jp.com//img_sys/cardImages/RNA/458592/cardimage.png,応用生術
https://mtg-jp.com//img_sys/cardImages/RNA/458593/cardimage.png,アゾリウスの騎士判事
https://mtg-jp.com//img_sys/cardImages/RNA/458594/cardimage.png,アゾリウスの空護衛
https://mtg-jp.com//img_sys/cardImages/RNA/458595/cardimage.png,聖堂の鐘憑き
https://mtg-jp.com//img_sys/cardImages/RNA/458596/cardimage.png,魔性
https://mtg-jp.com//img_sys/cardImages/RNA/458597/cardimage.png,生術師の使い魔
https://mtg-jp.com//img_sys/cardImages/RNA/458598/cardimage.png,ボーラク族の破壊者
https://mtg-jp.com//img_sys/cardImages/RNA/458599/cardimage.png,囚われの聴衆
https://mtg-jp.com//img_sys/cardImages/RNA/458600/cardimage.png,燃えがら蔦
https://mtg-jp.com//img_sys/cardImages/RNA/458601/cardimage.png,一族のギルド魔道士
https://mtg-jp.com//img_sys/cardImages/RNA/458602/cardimage.png,連合のギルド魔道士
https://mtg-jp.com//img_sys/cardImages/RNA/458603/cardimage.png,教団のギルド魔道士
https://mtg-jp.com//img_sys/cardImages/RNA/458604/cardimage.png,拘留代理人
https://mtg-jp.com//img_sys/cardImages/RNA/458605/cardimage.png,混沌をもたらす者、ドムリ
https://mtg-jp.com//img_sys/cardImages/RNA/458606/cardimage.png,大判事、ドビン
https://mtg-jp.com//img_sys/cardImages/RNA/458607/cardimage.png,ドビンの鋭感
https://mtg-jp.com//img_sys/cardImages/RNA/458608/cardimage.png,有事の力
https://mtg-jp.com//img_sys/cardImages/RNA/458609/cardimage.png,天上の赦免
https://mtg-jp.com//img_sys/cardImages/RNA/458610/cardimage.png,最後の支払い
https://mtg-jp.com//img_sys/cardImages/RNA/458611/cardimage.png,火刃の芸術家
https://mtg-jp.com//img_sys/cardImages/RNA/458612/cardimage.png,激情のエイリンクス
https://mtg-jp.com//img_sys/cardImages/RNA/458613/cardimage.png,エリマキ神秘家
https://mtg-jp.com//img_sys/cardImages/RNA/458614/cardimage.png,早駆けるトカゲ蛙
https://mtg-jp.com//img_sys/cardImages/RNA/458615/cardimage.png,的中
https://mtg-jp.com//img_sys/cardImages/RNA/458616/cardimage.png,欲深いスラル
https://mtg-jp.com//img_sys/cardImages/RNA/458617/cardimage.png,成長のらせん
https://mtg-jp.com//img_sys/cardImages/RNA/458618/cardimage.png,グルールの呪文砕き
https://mtg-jp.com//img_sys/cardImages/RNA/458619/cardimage.png,円環技師
https://mtg-jp.com//img_sys/cardImages/RNA/458620/cardimage.png,ハックロバット
https://mtg-jp.com//img_sys/cardImages/RNA/458621/cardimage.png,厳戒態勢
https://mtg-jp.com//img_sys/cardImages/RNA/458622/cardimage.png,ハイドロイド混成体
https://mtg-jp.com//img_sys/cardImages/RNA/458623/cardimage.png,傲慢な支配者
https://mtg-jp.com//img_sys/cardImages/RNA/458624/cardimage.png,災いの歌姫、ジュディス
https://mtg-jp.com//img_sys/cardImages/RNA/458625/cardimage.png,オルゾフの簒奪者、ケイヤ
https://mtg-jp.com//img_sys/cardImages/RNA/458626/cardimage.png,ケイヤの怒り
https://mtg-jp.com//img_sys/cardImages/RNA/458627/cardimage.png,絶息の騎士
https://mtg-jp.com//img_sys/cardImages/RNA/458628/cardimage.png,アゾリウスの造反者、ラヴィニア
https://mtg-jp.com//img_sys/cardImages/RNA/458629/cardimage.png,法魔道士の束縛
https://mtg-jp.com//img_sys/cardImages/RNA/458630/cardimage.png,死の嘲り
https://mtg-jp.com//img_sys/cardImages/RNA/458631/cardimage.png,屈辱
https://mtg-jp.com//img_sys/cardImages/RNA/458632/cardimage.png,旧き道のニーキャ
https://mtg-jp.com//img_sys/cardImages/RNA/458633/cardimage.png,無慈悲な司教
https://mtg-jp.com//img_sys/cardImages/RNA/458634/cardimage.png,首席議長ヴァニファール
https://mtg-jp.com//img_sys/cardImages/RNA/458635/cardimage.png,垂木の悪魔
https://mtg-jp.com//img_sys/cardImages/RNA/458636/cardimage.png,ラクドスの火輪使い
https://mtg-jp.com//img_sys/cardImages/RNA/458637/cardimage.png,ラクドスの人足
https://mtg-jp.com//img_sys/cardImages/RNA/458638/cardimage.png,名演撃、ラクドス
https://mtg-jp.com//img_sys/cardImages/RNA/458639/cardimage.png,荒廃ワーム
https://mtg-jp.com//img_sys/cardImages/RNA/458640/cardimage.png,野生の律動
https://mtg-jp.com//img_sys/cardImages/RNA/458641/cardimage.png,瓦礫帯走り
https://mtg-jp.com//img_sys/cardImages/RNA/458642/cardimage.png,野蛮な一撃
https://mtg-jp.com//img_sys/cardImages/RNA/458643/cardimage.png,評議会のギルド魔道士
https://mtg-jp.com//img_sys/cardImages/RNA/458644/cardimage.png,秤の熾天使
https://mtg-jp.com//img_sys/cardImages/RNA/458645/cardimage.png,ヒレバサミダコ
https://mtg-jp.com//img_sys/cardImages/RNA/458646/cardimage.png,シミックの隆盛
https://mtg-jp.com//img_sys/cardImages/RNA/458647/cardimage.png,新プラーフのスフィンクス
https://mtg-jp.com//img_sys/cardImages/RNA/458648/cardimage.png,スフィンクスの眼識
https://mtg-jp.com//img_sys/cardImages/RNA/458649/cardimage.png,引き裂くシャーマン
https://mtg-jp.com//img_sys/cardImages/RNA/458650/cardimage.png,組織のギルド魔道士
https://mtg-jp.com//img_sys/cardImages/RNA/458651/cardimage.png,テイサ・カルロフ
https://mtg-jp.com//img_sys/cardImages/RNA/458652/cardimage.png,恐怖の劇場
https://mtg-jp.com//img_sys/cardImages/RNA/458653/cardimage.png,楽園党の議長、ゼガーナ
https://mtg-jp.com//img_sys/cardImages/RNA/458654/cardimage.png,ザル＝ターのゴブリン
https://mtg-jp.com//img_sys/cardImages/RNA/458655/cardimage.png,脚光の悪鬼
https://mtg-jp.com//img_sys/cardImages/RNA/458656/cardimage.png,瓦礫の投げ手
https://mtg-jp.com//img_sys/cardImages/RNA/458657/cardimage.png,小走りワニ
https://mtg-jp.com//img_sys/cardImages/RNA/458658/cardimage.png,評議会のグリフィン
https://mtg-jp.com//img_sys/cardImages/RNA/458659/cardimage.png,ヴィズコーパの吸血鬼
https://mtg-jp.com//img_sys/cardImages/RNA/458680/cardimage.png,ギルドパクトのスフィンクス
https://mtg-jp.com//img_sys/cardImages/RNA/460069/cardimage.png,法を築く者、ドビン
https://mtg-jp.com//img_sys/cardImages/RNA/460071/cardimage.png,ドビンの放逐
https://mtg-jp.com//img_sys/cardImages/RNA/460073/cardimage.png,街潰し、ドムリ
https://mtg-jp.com//img_sys/cardImages/RNA/460075/cardimage.png,突進する戦猪
https://mtg-jp.com//img_sys/cardImages/RNA/460076/cardimage.png,ドムリのノドログ
https://mtg-jp.com//img_sys/cardImages/RNA/458660/cardimage.png,豪奢 // 誤認
https://mtg-jp.com//img_sys/cardImages/RNA/458661/cardimage.png,興行 // 叩打
https://mtg-jp.com//img_sys/cardImages/RNA/458662/cardimage.png,争闘 // 壮大
https://mtg-jp.com//img_sys/cardImages/RNA/458663/cardimage.png,昇華 // 消耗
https://mtg-jp.com//img_sys/cardImages/RNA/458664/cardimage.png,解任 // 開展
https://mtg-jp.com//img_sys/cardImages/RNA/458665/cardimage.png,孵化 // 不和
https://mtg-jp.com//img_sys/cardImages/RNA/458666/cardimage.png,覆滅 // 複製
https://mtg-jp.com//img_sys/cardImages/RNA/458667/cardimage.png,回生 // 会稽
https://mtg-jp.com//img_sys/cardImages/RNA/458668/cardimage.png,強撃 // 脅威
https://mtg-jp.com//img_sys/cardImages/RNA/458669/cardimage.png,万全 // 番人
https://mtg-jp.com//img_sys/cardImages/RNA/458670/cardimage.png,アゾリウスのロケット
https://mtg-jp.com//img_sys/cardImages/RNA/458671/cardimage.png,門の巨像
https://mtg-jp.com//img_sys/cardImages/RNA/458672/cardimage.png,ギルドパクトのガラス壁
https://mtg-jp.com//img_sys/cardImages/RNA/458673/cardimage.png,グルールのロケット
https://mtg-jp.com//img_sys/cardImages/RNA/458674/cardimage.png,ごみ引きずり
https://mtg-jp.com//img_sys/cardImages/RNA/458675/cardimage.png,オルゾフのロケット
https://mtg-jp.com//img_sys/cardImages/RNA/458676/cardimage.png,ラクドスのロケット
https://mtg-jp.com//img_sys/cardImages/RNA/458677/cardimage.png,ひっかき爪
https://mtg-jp.com//img_sys/cardImages/RNA/458678/cardimage.png,叫び盾
https://mtg-jp.com//img_sys/cardImages/RNA/458679/cardimage.png,シミックのロケット
https://mtg-jp.com//img_sys/cardImages/RNA/458681/cardimage.png,ギルドパクトの秘本
https://mtg-jp.com//img_sys/cardImages/RNA/460072/cardimage.png,ドビンの自動機械
https://mtg-jp.com//img_sys/cardImages/RNA/457387/cardimage.png,Azorius Guildgate
https://mtg-jp.com//img_sys/cardImages/RNA/457388/cardimage.png,Azorius Guildgate
https://mtg-jp.com//img_sys/cardImages/RNA/458684/cardimage.png,血の墓所
https://mtg-jp.com//img_sys/cardImages/RNA/458685/cardimage.png,繁殖池
https://mtg-jp.com//img_sys/cardImages/RNA/458686/cardimage.png,ギルド門通りの公有地
https://mtg-jp.com//img_sys/cardImages/RNA/458687/cardimage.png,神無き祭殿
https://mtg-jp.com//img_sys/cardImages/RNA/457393/cardimage.png,Gruul Guildgate
https://mtg-jp.com//img_sys/cardImages/RNA/457394/cardimage.png,Gruul Guildgate
https://mtg-jp.com//img_sys/cardImages/RNA/458690/cardimage.png,神聖なる泉
https://mtg-jp.com//img_sys/cardImages/RNA/457396/cardimage.png,Orzhov Guildgate
https://mtg-jp.com//img_sys/cardImages/RNA/457397/cardimage.png,Orzhov Guildgate
https://mtg-jp.com//img_sys/cardImages/RNA/458693/cardimage.png,調和の公有地
https://mtg-jp.com//img_sys/cardImages/RNA/457399/cardimage.png,Rakdos Guildgate
https://mtg-jp.com//img_sys/cardImages/RNA/457400/cardimage.png,Rakdos Guildgate
https://mtg-jp.com//img_sys/cardImages/RNA/457401/cardimage.png,Simic Guildgate
https://mtg-jp.com//img_sys/cardImages/RNA/457402/cardimage.png,Simic Guildgate
https://mtg-jp.com//img_sys/cardImages/RNA/458698/cardimage.png,踏み鳴らされる地
https://mtg-jp.com//img_sys/cardImages/RNA/460064/cardimage.png,平地
https://mtg-jp.com//img_sys/cardImages/RNA/460065/cardimage.png,島
https://mtg-jp.com//img_sys/cardImages/RNA/460066/cardimage.png,沼
https://mtg-jp.com//img_sys/cardImages/RNA/460067/cardimage.png,山
https://mtg-jp.com//img_sys/cardImages/RNA/460068/cardimage.png,森
